Number,State Code,County Code,Site Num,Date Local,Local Site Name,State Name,County Name,City Name,Temp Arithmetic Mean,Wind SpeedArithmetic Mean,Wind Direction Arithmetic Mean,Barometric pressure Arithmetic Mean,CO Arithmetic Mean,CO AQI,SO2 Arithmetic Mean,SO2 AQI,NO2 Arithmetic Mean,NO2 AQI,Ozone Arithmetic Mean,Ozone AQI,PM2.5 Arithmetic Mean,PM2.5 AQI,AQI,TAQI
1,1,73,23,2014/1/1,North Birmingham,Alabama,Jefferson,Birmingham,42.566667,1.2,107.666667,998.5,16.5125,6,0.01325,3,16.5125,44,0.01325,19,14.3,56,56,27
2,1,73,23,2014/1/3,North Birmingham,Alabama,Jefferson,Birmingham,26.825,2.270833,163.75,1002.083333,1.725,2,0.019708,6,1.725,1,0.019708,27,4.9,20,27,29
3,1,73,23,2014/1/6,North Birmingham,Alabama,Jefferson,Birmingham,19.6375,7.8875,74.333333,1000.6375,4.872727,1,0.028583,0,4.872727,8,0.028583,29,6.5,27,29,63
4,1,73,23,2014/1/7,North Birmingham,Alabama,Jefferson,Birmingham,15.929167,0.975,206.833333,1006.491667,12.7625,5,0.014792,4,12.7625,63,0.014792,23,5.1,21,63,44
5,1,73,23,2014/2/18,North Birmingham,Alabama,Jefferson,Birmingham,58.675,1.95,191.541667,996.420833,7.693333,5,0.016375,7,7.693333,13,0.016375,22,10.5,44,44,45
6,1,73,23,2014/2/19,North Birmingham,Alabama,Jefferson,Birmingham,62.770833,1.8,178.5,994.204167,12.175,3,0.01375,1,12.175,24,0.01375,19,10.8,45,45,29
7,1,73,23,2014/2/20,North Birmingham,Alabama,Jefferson,Birmingham,66.7375,1.75,109.666667,991.283333,4.875,3,0.019125,1,4.875,7,0.019125,22,7,29,29,34
8,1,73,23,2014/2/21,North Birmingham,Alabama,Jefferson,Birmingham,50.729167,1.970833,201.541667,993.775,10.183333,5,0.018625,9,10.183333,32,0.018625,33,8.1,34,34,52
9,1,73,23,2014/2/22,North Birmingham,Alabama,Jefferson,Birmingham,52.691667,1.55,92.416667,995.329167,16.070833,7,0.016875,11,16.070833,33,0.016875,31,12.4,52,52,43
10,1,73,23,2014/2/23,North Birmingham,Alabama,Jefferson,Birmingham,57.7875,0.858333,202.666667,992.695833,18.908333,6,0.018375,11,18.908333,33,0.018375,36,10.3,43,43,30
11,1,73,23,2014/2/24,North Birmingham,Alabama,Jefferson,Birmingham,51.041667,2.208333,208.708333,996.245833,6.770833,7,0.021292,9,6.770833,26,0.021292,30,5.9,25,30,46
12,1,73,23,2014/2/25,North Birmingham,Alabama,Jefferson,Birmingham,48.925,0.95,144.291667,993.533333,17.004762,3,0.016417,27,17.004762,28,0.016417,23,11.1,46,46,35
13,1,73,23,2014/2/26,North Birmingham,Alabama,Jefferson,Birmingham,35.708333,2.429167,192.375,990.645833,4.595833,2,0.02475,1,4.595833,8,0.02475,27,8.5,35,35,34
14,1,73,23,2014/2/27,North Birmingham,Alabama,Jefferson,Birmingham,35.220833,1.225,240.875,991.616667,6.12,6,0.019333,1,6.12,23,0.019333,34,6.6,28,34,58
15,1,73,23,2014/3/4,North Birmingham,Alabama,Jefferson,Birmingham,35.129167,1.2,122.833333,995.895833,11.190909,3,0.012458,6,11.190909,14,0.012458,25,15.6,58,58,50
16,1,73,23,2014/3/7,North Birmingham,Alabama,Jefferson,Birmingham,50.320833,0.8875,213.875,992.4,13.394118,5,0.015167,19,13.394118,37,0.015167,29,12,50,50,64
17,1,73,23,2014/3/8,North Birmingham,Alabama,Jefferson,Birmingham,54.270833,1.325,196.458333,996.25,17.566667,7,0.013708,10,17.566667,37,0.013708,31,18.5,64,64,58
18,1,73,23,2014/3/9,North Birmingham,Alabama,Jefferson,Birmingham,58.1875,0.9,229.583333,998.358333,12.908333,8,0.019208,0,12.908333,36,0.019208,35,15.4,58,58,71
19,1,73,23,2014/3/10,North Birmingham,Alabama,Jefferson,Birmingham,57.525,1.2125,201.75,994.1,17.0875,6,0.014375,4,17.0875,33,0.014375,30,21.6,71,71,73
20,1,73,23,2014/3/11,North Birmingham,Alabama,Jefferson,Birmingham,62.9875,1.7875,227.208333,986.954167,14.245833,8,0.021708,10,14.245833,30,0.021708,33,22.7,73,73,51
21,1,73,23,2014/3/12,North Birmingham,Alabama,Jefferson,Birmingham,52.920833,3.070833,263.291667,986.541667,6.164286,2,0.023583,0,6.164286,13,0.023583,31,12.3,51,51,43
22,1,73,23,2014/3/13,North Birmingham,Alabama,Jefferson,Birmingham,44.525,1.3625,174.458333,998.045833,13.614286,5,0.020875,1,13.614286,34,0.020875,36,10.3,43,43,43
23,1,73,23,2014/3/14,North Birmingham,Alabama,Jefferson,Birmingham,54.525,1.570833,233.958333,998.2875,19.130435,6,0.023958,3,19.130435,35,0.023958,35,10.2,43,43,59
24,1,73,23,2014/3/15,North Birmingham,Alabama,Jefferson,Birmingham,60.620833,1.195833,180.958333,995.020833,8.5875,3,0.029125,6,8.5875,13,0.029125,34,16,59,59,31
25,1,73,23,2014/3/16,North Birmingham,Alabama,Jefferson,Birmingham,61.408333,1.641667,188.958333,982.5875,9.65,3,0.018167,0,9.65,31,0.018167,21,6.6,28,31,47
26,1,73,23,2014/3/17,North Birmingham,Alabama,Jefferson,Birmingham,43.308333,1.675,302.958333,983.316667,4.541667,5,0.0115,0,4.541667,7,0.0115,13,11.3,47,47,40
27,1,73,23,2014/3/18,North Birmingham,Alabama,Jefferson,Birmingham,47.491667,1.675,133.041667,989.383333,7.0125,3,0.0115,20,7.0125,11,0.0115,18,9.6,40,40,54
28,1,73,23,2014/3/19,North Birmingham,Alabama,Jefferson,Birmingham,54.204167,2.179167,203.75,994.5125,9.045833,5,0.0175,1,9.045833,24,0.0175,25,13.7,54,54,51
29,1,73,23,2014/3/20,North Birmingham,Alabama,Jefferson,Birmingham,53.716667,1.720833,139.5,996.091667,11.925,5,0.017,7,11.925,31,0.017,35,12.1,51,51,67
30,1,73,23,2014/3/21,North Birmingham,Alabama,Jefferson,Birmingham,56.816667,1.216667,154.833333,994.820833,21.241667,7,0.021529,9,21.241667,37,0.021529,41,19.5,67,67,36
31,1,73,23,2014/3/24,North Birmingham,Alabama,Jefferson,Birmingham,50.679167,1.729167,203.166667,995.479167,6.123529,2,0.031292,16,6.123529,9,0.031292,35,8.7,36,36,42
32,1,73,23,2014/3/25,North Birmingham,Alabama,Jefferson,Birmingham,43.6,2.191667,270,995.370833,4.840909,2,0.029792,4,4.840909,15,0.029792,35,10,42,42,40
33,1,73,23,2014/3/26,North Birmingham,Alabama,Jefferson,Birmingham,43.866667,0.920833,141.75,1000.7625,12.129167,3,0.028917,9,12.129167,32,0.028917,38,9.6,40,40,58
34,1,73,23,2014/3/27,North Birmingham,Alabama,Jefferson,Birmingham,57.8625,1.854167,91.541667,997.466667,6.0125,2,0.035167,3,6.0125,13,0.035167,40,15.3,58,58,25
35,1,73,23,2014/3/28,North Birmingham,Alabama,Jefferson,Birmingham,59.308333,1.9875,57.625,992.954167,7.854167,2,0.022542,11,7.854167,12,0.022542,25,4.5,19,25,40
36,1,73,23,2014/3/29,North Birmingham,Alabama,Jefferson,Birmingham,55.704167,2.291667,131.625,991.3,3.133333,2,0.02625,0,3.133333,8,0.02625,28,9.6,40,40,36
37,1,73,23,2014/3/30,North Birmingham,Alabama,Jefferson,Birmingham,52.445833,1.966667,223.416667,997.933333,6.516667,3,0.022875,6,6.516667,26,0.022875,36,8.7,36,36,63
38,1,73,23,2014/3/31,North Birmingham,Alabama,Jefferson,Birmingham,58.083333,1.175,154.75,996.8125,21.854545,6,0.02025,43,21.854545,38,0.02025,37,18,63,63,35
39,1,73,23,2014/4/4,North Birmingham,Alabama,Jefferson,Birmingham,63.125,2.620833,300.291667,991.6875,9.892308,2,0.024524,1,9.892308,30,0.024524,25,8.4,35,35,37
40,1,73,23,2014/4/5,North Birmingham,Alabama,Jefferson,Birmingham,54.716667,2.258333,187.083333,994.6875,2.554167,2,0.0315,0,2.554167,11,0.0315,37,6.3,26,37,26
41,1,73,23,2014/4/6,North Birmingham,Alabama,Jefferson,Birmingham,54.404167,1.6125,117.25,990.229167,6.604167,2,0.021625,16,6.604167,14,0.021625,26,4.2,18,26,37
42,1,73,23,2014/4/7,North Birmingham,Alabama,Jefferson,Birmingham,58.183333,2.491667,189.208333,983.85,6.041667,2,0.022875,3,6.041667,12,0.022875,31,8.8,37,37,41
43,1,73,23,2014/4/8,North Birmingham,Alabama,Jefferson,Birmingham,53.804167,1.566667,278.041667,987.104167,4.304545,2,0.033375,0,4.304545,12,0.033375,41,9.4,39,41,41
44,1,73,23,2014/4/9,North Birmingham,Alabama,Jefferson,Birmingham,57.721739,1.46087,242.565217,996.056522,8.469565,3,0.025292,0,8.469565,33,0.025292,41,8.8,37,41,58
45,1,73,23,2014/4/10,North Birmingham,Alabama,Jefferson,Birmingham,62.541667,1.820833,221.708333,999.154167,13.595833,7,0.030917,4,13.595833,31,0.030917,40,15.4,58,58,46
46,1,73,23,2014/4/11,North Birmingham,Alabama,Jefferson,Birmingham,64.2125,2.720833,302.916667,999.375,11.466667,3,0.024917,7,11.466667,31,0.024917,38,11,46,46,57
47,1,73,23,2014/4/12,North Birmingham,Alabama,Jefferson,Birmingham,69.154167,1.654167,202.125,997.9375,12.845833,5,0.028375,11,12.845833,34,0.028375,38,14.8,57,57,31
48,1,73,23,2014/4/13,North Birmingham,Alabama,Jefferson,Birmingham,71.758333,1.729167,167.791667,994.8125,2.770833,3,0.031375,4,2.770833,7,0.031375,31,7,29,31,25
49,1,73,23,2014/4/14,North Birmingham,Alabama,Jefferson,Birmingham,64.145833,1.395833,194.625,988.795833,8.6625,2,0.01875,4,8.6625,18,0.01875,25,5.8,24,25,36
50,1,73,23,2014/4/15,North Birmingham,Alabama,Jefferson,Birmingham,45.995833,2.6875,255.458333,992.395833,2.545833,2,0.030125,0,2.545833,7,0.030125,36,8.1,34,36,39
51,1,73,23,2014/4/16,North Birmingham,Alabama,Jefferson,Birmingham,51.133333,2.604167,94.166667,999.0875,7.295833,3,0.033417,20,7.295833,21,0.033417,39,8.2,34,39,38
52,1,73,23,2014/4/17,North Birmingham,Alabama,Jefferson,Birmingham,59.4,1.825,125.833333,1002.170833,4.491667,1,0.034125,3,4.491667,9,0.034125,36,9,38,38,48
53,1,73,23,2014/4/18,North Birmingham,Alabama,Jefferson,Birmingham,56.158333,2.029167,187.083333,999.266667,6.358333,1,0.026667,10,6.358333,10,0.026667,29,11.5,48,48,44
54,1,73,23,2014/4/19,North Birmingham,Alabama,Jefferson,Birmingham,63.154167,1.958333,139.125,997.308333,5.7,2,0.031875,19,5.7,16,0.031875,43,10.6,44,44,54
55,1,73,23,2014/4/20,North Birmingham,Alabama,Jefferson,Birmingham,66.2,0.966667,108.125,999.2,8.95,3,0.02925,13,8.95,28,0.02925,45,13.6,54,54,68
56,1,73,23,2014/4/21,North Birmingham,Alabama,Jefferson,Birmingham,67.520833,1.7125,208.375,996.0125,15.427273,6,0.005,7,15.427273,33,0.005,6,20.4,68,68,56
57,1,73,23,2014/4/22,North Birmingham,Alabama,Jefferson,Birmingham,66.4625,1.2625,239.625,990.7,11.7,3,0.021923,1,11.7,25,0.021923,37,14.7,56,56,71
58,1,73,23,2014/4/23,North Birmingham,Alabama,Jefferson,Birmingham,65.9875,1.070833,135.916667,991.908333,8.7,3,0.03425,4,8.7,30,0.03425,71,14.1,55,71,67
59,1,73,23,2014/4/24,North Birmingham,Alabama,Jefferson,Birmingham,69.475,3.408333,147.958333,991.258333,13.333333,5,0.0415,13,13.333333,32,0.0415,54,19.7,67,67,45
60,1,73,23,2014/4/25,North Birmingham,Alabama,Jefferson,Birmingham,68.829167,1.945833,264.041667,991.3625,5.333333,2,0.033708,0,5.333333,19,0.033708,45,10.1,42,45,71
61,1,73,23,2014/4/26,North Birmingham,Alabama,Jefferson,Birmingham,70.175,1.2125,130.458333,993.020833,12.520833,5,0.034,11,12.520833,28,0.034,71,13.2,53,71,41
62,1,73,23,2014/4/27,North Birmingham,Alabama,Jefferson,Birmingham,67.804167,1.345833,160.208333,990.545833,7.05,6,0.022,4,7.05,27,0.022,24,9.8,41,41,36
63,1,73,23,2014/4/28,North Birmingham,Alabama,Jefferson,Birmingham,74.359091,1.872727,153.5,986.659091,3.6125,1,0.020792,3,3.6125,8,0.020792,24,8.7,36,36,52
64,1,73,23,2014/4/30,North Birmingham,Alabama,Jefferson,Birmingham,66.53125,2.40625,275,990.66875,6.35,3,0.035706,0,6.35,25,0.035706,42,12.5,52,52,44
65,1,73,23,2014/5/1,North Birmingham,Alabama,Jefferson,Birmingham,59.095833,1.979167,213.166667,993.820833,5.6375,2,0.035625,0,5.6375,19,0.035625,44,5.8,24,44,48
66,1,73,23,2014/5/2,North Birmingham,Alabama,Jefferson,Birmingham,62.345833,1.020833,226.5,992.558333,10.445833,2,0.030667,17,10.445833,26,0.030667,48,7.6,32,48,61
67,1,73,23,2014/5/3,North Birmingham,Alabama,Jefferson,Birmingham,65.125,1.191667,171.916667,994.2625,12.808333,8,0.030375,3,12.808333,29,0.030375,61,13.1,53,61,74
68,1,73,23,2014/5/4,North Birmingham,Alabama,Jefferson,Birmingham,72.375,1.441667,221.666667,996.375,13.779167,7,0.036583,3,13.779167,35,0.036583,74,15.1,57,74,74
69,1,73,23,2014/5/5,North Birmingham,Alabama,Jefferson,Birmingham,76.708333,1.704167,185,994.325,11.527273,5,0.040958,3,11.527273,26,0.040958,74,11.4,48,74,84
70,1,73,23,2014/5/6,North Birmingham,Alabama,Jefferson,Birmingham,74.158333,1.729167,264.958333,993.329167,13.941667,3,0.041,3,13.941667,26,0.041,84,14.3,56,84,50
71,1,73,23,2014/5/7,North Birmingham,Alabama,Jefferson,Birmingham,74.583333,2.4125,231.208333,996.608333,9.191667,3,0.040917,7,9.191667,24,0.040917,49,11.9,50,50,46
72,1,73,23,2014/5/8,North Birmingham,Alabama,Jefferson,Birmingham,76.820833,2.1125,202.833333,998.366667,8.791667,2,0.038333,6,8.791667,25,0.038333,46,11,46,46,34
73,1,73,23,2014/5/9,North Birmingham,Alabama,Jefferson,Birmingham,70.845833,1.7,235.291667,996.520833,8.291667,3,0.024417,6,8.291667,23,0.024417,32,8.1,34,34,34
74,1,73,23,2014/5/10,North Birmingham,Alabama,Jefferson,Birmingham,71.2,1.320833,183.125,995.804167,10.35,3,0.02175,3,10.35,19,0.02175,34,8.1,34,34,47
75,1,73,23,2014/5/11,North Birmingham,Alabama,Jefferson,Birmingham,75.933333,2.325,53.208333,997.275,5.05,3,0.024458,0,5.05,16,0.024458,33,11.2,47,47,52
76,1,73,23,2014/5/12,North Birmingham,Alabama,Jefferson,Birmingham,77.7,2.170833,123.75,998.4625,6.325,2,0.027917,4,6.325,10,0.027917,36,12.6,52,52,52
77,1,73,23,2014/5/13,North Birmingham,Alabama,Jefferson,Birmingham,77.620833,1.345833,160.375,997.620833,11.945833,3,0.029208,11,11.945833,31,0.029208,44,12.8,52,52,39
78,1,73,23,2014/5/14,North Birmingham,Alabama,Jefferson,Birmingham,69.533333,1.570833,178.333333,993.683333,10.120833,3,0.021083,3,10.120833,18,0.021083,21,9.3,39,39,41
79,1,73,23,2014/5/15,North Birmingham,Alabama,Jefferson,Birmingham,56.516667,1.633333,278.625,995.5375,4.929167,3,0.028042,0,4.929167,22,0.028042,41,9.6,40,41,50
80,1,73,23,2014/5/16,North Birmingham,Alabama,Jefferson,Birmingham,59.2375,1.3875,198.291667,996.7375,13.7125,6,0.028625,3,13.7125,34,0.028625,50,7.9,33,50,74
81,1,73,23,2014/5/17,North Birmingham,Alabama,Jefferson,Birmingham,62.229167,1.183333,145.125,997.954167,10.0375,6,0.038208,17,10.0375,28,0.038208,74,12.2,51,74,41
82,1,73,23,2014/5/18,North Birmingham,Alabama,Jefferson,Birmingham,61.958333,1.558333,99.666667,999.345833,5.925,2,0.028708,6,5.925,12,0.028708,41,8.4,35,41,61
83,1,73,23,2014/5/19,North Birmingham,Alabama,Jefferson,Birmingham,70.35,0.904167,100.75,1000.341667,8.486364,2,0.0385,14,8.486364,20,0.0385,61,6.6,28,61,74
84,1,73,23,2014/5/20,North Birmingham,Alabama,Jefferson,Birmingham,76.595833,1.7875,245.541667,1000.283333,8.091667,2,0.045792,4,8.091667,20,0.045792,74,9.6,40,74,61
85,1,73,23,2014/5/21,North Birmingham,Alabama,Jefferson,Birmingham,77.270833,1.891667,166.916667,999.441667,11.395833,3,0.037167,3,11.395833,29,0.037167,61,10.2,43,61,49
86,1,73,23,2014/6/25,North Birmingham,Alabama,Jefferson,Birmingham,81.0375,1.6,252.541667,997.916667,6.466667,2,0.02925,4,6.466667,11,0.02925,41,11.7,49,49,24
87,1,73,23,2014/6/26,North Birmingham,Alabama,Jefferson,Birmingham,75.65,1.7,230.458333,997.070833,6.204167,2,0.016917,1,6.204167,14,0.016917,24,5.5,23,24,35
88,1,73,23,2014/6/27,North Birmingham,Alabama,Jefferson,Birmingham,79.3125,1.366667,228.5,998.45,7.35,5,0.01975,3,7.35,15,0.01975,31,8.5,35,35,40
89,1,73,23,2014/6/28,North Birmingham,Alabama,Jefferson,Birmingham,79.0625,1,178.125,1000.891667,6.2,2,0.024292,3,6.2,13,0.024292,40,8.5,35,40,39
90,1,73,23,2014/6/29,North Birmingham,Alabama,Jefferson,Birmingham,82.704167,1.416667,207.75,1000.508333,7.3375,1,0.013792,3,7.3375,17,0.013792,24,9.4,39,39,83
91,1,73,23,2014/6/30,North Birmingham,Alabama,Jefferson,Birmingham,84.8125,1.7625,234.958333,997.183333,7.154545,1,0.014292,1,7.154545,15,0.014292,22,27.3,83,83,59
92,1,73,23,2014/7/7,North Birmingham,Alabama,Jefferson,Birmingham,82.970833,1.158333,209.375,996.775,9.741667,2,0.0055,1,9.741667,23,0.0055,6,15.9,59,59,63
93,1,73,23,2014/7/8,North Birmingham,Alabama,Jefferson,Birmingham,84.508333,2.3125,225.666667,997.316667,7.341667,3,0.040842,3,7.341667,17,0.040842,46,18,63,63,44
94,1,73,23,2014/7/9,North Birmingham,Alabama,Jefferson,Birmingham,80.833333,1.358333,267.5,997.054167,7.7875,2,0.03,1,7.7875,22,0.03,44,9.3,39,44,45
95,1,73,23,2014/7/10,North Birmingham,Alabama,Jefferson,Birmingham,82.104167,1.258333,285,997.941667,5.029167,2,0.03325,0,5.029167,15,0.03325,45,10.9,45,45,60
96,1,73,23,2014/7/11,North Birmingham,Alabama,Jefferson,Birmingham,82.8375,1.008333,242.25,999.929167,8.075,2,0.032667,30,8.075,23,0.032667,51,16.5,60,60,58
97,1,73,23,2014/7/12,North Birmingham,Alabama,Jefferson,Birmingham,83.854167,0.954167,93.291667,1000.241667,12.141667,7,0.030125,10,12.141667,28,0.030125,46,15.3,58,58,53
98,1,73,23,2014/7/13,North Birmingham,Alabama,Jefferson,Birmingham,82.241667,1.004167,133.208333,998.375,11.833333,9,0.0265,3,11.833333,25,0.0265,48,12.9,53,53,35
99,1,73,23,2014/7/22,North Birmingham,Alabama,Jefferson,Birmingham,80.383333,1.1375,105.875,998.195833,6.041667,2,0.021,1,6.041667,9,0.021,32,8.3,35,35,40
100,1,73,23,2014/7/23,North Birmingham,Alabama,Jefferson,Birmingham,78.883333,0.683333,168.875,997,11.4125,2,0.022958,6,11.4125,26,0.022958,40,9.6,40,40,52
101,1,73,23,2014/7/24,North Birmingham,Alabama,Jefferson,Birmingham,80.6125,1.329167,268.625,994.954167,7.295833,3,0.029333,4,7.295833,22,0.029333,39,12.4,52,52,57
102,1,73,23,2014/7/25,North Birmingham,Alabama,Jefferson,Birmingham,80.041667,0.983333,200.583333,995.8375,10.233333,3,0.02725,4,10.233333,23,0.02725,47,15.1,57,57,58
103,1,73,23,2014/7/26,North Birmingham,Alabama,Jefferson,Birmingham,81.820833,1.0625,184.125,996.6625,10.8,6,0.02725,11,10.8,23,0.02725,48,15.3,58,58,61
104,1,73,23,2014/7/27,North Birmingham,Alabama,Jefferson,Birmingham,85.904167,2.054167,200.333333,996.091667,6.8125,6,0.026708,3,6.8125,23,0.026708,36,16.7,61,61,58
105,1,73,23,2014/7/28,North Birmingham,Alabama,Jefferson,Birmingham,83.158333,1.866667,304.375,994.958333,3.122727,1,0.030958,0,3.122727,6,0.030958,41,15.3,58,58,44
106,1,73,23,2014/7/29,North Birmingham,Alabama,Jefferson,Birmingham,73.9875,1.379167,269.833333,996.404167,4.758333,2,0.031333,6,4.758333,13,0.031333,39,10.6,44,44,52
107,1,73,23,2014/7/30,North Birmingham,Alabama,Jefferson,Birmingham,73.820833,1.158333,87,997.083333,8.495833,3,0.034375,17,8.495833,25,0.034375,46,12.8,52,52,57
108,1,73,23,2014/7/31,North Birmingham,Alabama,Jefferson,Birmingham,75.570833,1.075,142.541667,996.895833,8.279167,2,0.037208,19,8.279167,15,0.037208,50,15,57,57,53
109,1,73,23,2014/8/1,North Birmingham,Alabama,Jefferson,Birmingham,78.195833,1.0375,62.541667,996.291667,7.141667,2,0.03575,19,7.141667,16,0.03575,50,13,53,53,44
110,1,73,23,2014/8/2,North Birmingham,Alabama,Jefferson,Birmingham,78.516667,1.0625,116.625,996.841667,6.508333,3,0.030958,7,6.508333,13,0.030958,44,10.5,44,44,54
111,1,73,23,2014/8/3,North Birmingham,Alabama,Jefferson,Birmingham,80.9125,1.1125,45.625,997.033333,8.9375,3,0.028792,14,8.9375,27,0.028792,44,13.6,54,54,72
112,1,73,23,2014/8/4,North Birmingham,Alabama,Jefferson,Birmingham,82.704167,1.0125,46.583333,996.820833,12.85,3,0.038353,16,12.85,24,0.038353,67,22,72,72,77
113,1,73,23,2014/8/5,North Birmingham,Alabama,Jefferson,Birmingham,83.65,0.7,115.708333,997.266667,16.591667,3,0.03575,17,16.591667,34,0.03575,77,24.1,76,77,73
114,1,73,23,2014/8/6,North Birmingham,Alabama,Jefferson,Birmingham,84.879167,0.883333,197.375,996.658333,14.579167,7,0.026688,14,14.579167,40,0.026688,49,22.6,73,73,97
115,1,73,23,2014/8/7,North Birmingham,Alabama,Jefferson,Birmingham,86.1625,1.025,162.166667,995.0875,14.975,6,0.03725,97,14.975,38,0.03725,67,26.9,82,97,52
116,1,73,23,2014/8/8,North Birmingham,Alabama,Jefferson,Birmingham,81.7125,1.191667,170.666667,995.0375,13.3375,5,0.025417,31,13.3375,26,0.025417,44,12.4,52,52,42
117,1,73,23,2014/8/9,North Birmingham,Alabama,Jefferson,Birmingham,78.054167,1,195.666667,995.620833,6.958333,2,0.023042,3,6.958333,10,0.023042,33,10.1,42,42,39
118,1,73,23,2014/8/10,North Birmingham,Alabama,Jefferson,Birmingham,79.875,1.05,224.875,995.754167,5.454167,2,0.0245,4,5.454167,11,0.0245,39,8.2,34,39,35
119,1,73,23,2014/8/11,North Birmingham,Alabama,Jefferson,Birmingham,81.466667,1.391667,224.458333,994.366667,6.4,2,0.022,1,6.4,18,0.022,32,8.3,35,35,54
120,1,73,23,2014/8/12,North Birmingham,Alabama,Jefferson,Birmingham,80.054167,1.241667,307.375,993,3.583333,2,0.030125,0,3.583333,8,0.030125,43,13.6,54,54,46
121,1,73,23,2014/8/13,North Birmingham,Alabama,Jefferson,Birmingham,75.7375,1.275,210.375,995.625,5.283333,2,0.033583,1,5.283333,12,0.033583,46,10.6,44,46,51
122,1,73,23,2014/8/14,North Birmingham,Alabama,Jefferson,Birmingham,75.220833,1.020833,181.916667,996.0625,8.479167,3,0.031875,4,8.479167,23,0.031875,51,10.4,43,51,65
123,1,73,23,2014/8/15,North Birmingham,Alabama,Jefferson,Birmingham,78.154167,0.820833,117.416667,995.666667,14.016667,5,0.027708,40,14.016667,29,0.027708,51,18.7,65,65,69
124,1,73,23,2014/8/16,North Birmingham,Alabama,Jefferson,Birmingham,80.520833,1.1625,161.583333,996.029167,14.220833,6,0.025167,34,14.220833,29,0.025167,45,20.8,69,69,49
125,1,73,23,2014/8/17,North Birmingham,Alabama,Jefferson,Birmingham,82.254167,1.608333,219.916667,995.404167,9.054167,5,0.02375,4,9.054167,25,0.02375,32,11.7,49,49,41
126,1,73,23,2014/8/18,North Birmingham,Alabama,Jefferson,Birmingham,78.0125,1.941667,225.583333,993.525,6.9,3,0.013389,3,6.9,14,0.013389,21,9.9,41,41,53
127,1,73,23,2014/8/19,North Birmingham,Alabama,Jefferson,Birmingham,80.4375,1.358333,228.583333,993.229167,9.258333,3,0.02075,1,9.258333,22,0.02075,34,13.1,53,53,60
128,1,73,23,2014/8/20,North Birmingham,Alabama,Jefferson,Birmingham,84.745833,1.429167,218.166667,997.066667,8.879167,3,0.01975,9,8.879167,21,0.01975,30,16.4,60,60,65
129,1,73,23,2014/8/21,North Birmingham,Alabama,Jefferson,Birmingham,86.054167,0.883333,199.25,999.345833,10.258333,3,0.022958,7,10.258333,24,0.022958,40,18.7,65,65,58
130,1,73,23,2014/8/22,North Birmingham,Alabama,Jefferson,Birmingham,86.1125,0.841667,160.916667,998.0125,10.633333,3,0.016958,3,10.633333,25,0.016958,33,15.3,58,58,71
131,1,73,23,2014/8/23,North Birmingham,Alabama,Jefferson,Birmingham,86.379167,1,240.041667,995.4125,6.233333,5,0.024625,9,6.233333,18,0.024625,32,21.7,71,71,43
132,1,73,23,2014/8/24,North Birmingham,Alabama,Jefferson,Birmingham,82.491667,1.1625,143.25,993.7,3.5375,2,0.028958,9,3.5375,6,0.028958,38,10.3,43,43,42
133,1,73,23,2014/8/25,North Birmingham,Alabama,Jefferson,Birmingham,81.575,1.433333,70.083333,996.35,8.545455,2,0.028875,9,8.545455,26,0.028875,42,10.1,42,42,51
134,1,73,23,2014/8/26,North Birmingham,Alabama,Jefferson,Birmingham,80.116667,1.2625,58.125,997.758333,9.716667,3,0.031889,19,9.716667,30,0.031889,49,12.3,51,51,87
135,1,73,23,2014/8/27,North Birmingham,Alabama,Jefferson,Birmingham,80.6625,0.825,52.75,997.3,15.091667,5,0.03275,57,15.091667,36,0.03275,87,15.8,59,87,87
136,1,73,23,2014/8/28,North Birmingham,Alabama,Jefferson,Birmingham,83.008333,0.804167,112.083333,995.891667,14.925,7,0.036542,24,14.925,31,0.036542,87,22.2,72,87,61
137,1,73,23,2014/8/29,North Birmingham,Alabama,Jefferson,Birmingham,83.383333,1.3125,114.458333,996.491667,14.758333,7,0.032958,27,14.758333,32,0.032958,49,16.7,61,61,34
138,1,73,23,2014/8/30,North Birmingham,Alabama,Jefferson,Birmingham,79.916667,1.058333,154.416667,998.229167,6.1375,3,0.020083,3,6.1375,16,0.020083,34,5.8,24,34,48
139,1,73,23,2014/8/31,North Birmingham,Alabama,Jefferson,Birmingham,80.941667,1.333333,137.791667,998.883333,7.2875,3,0.010875,1,7.2875,16,0.010875,19,11.5,48,48,62
140,1,73,23,2014/9/1,North Birmingham,Alabama,Jefferson,Birmingham,84.783333,1.116667,198.083333,998.183333,7.304167,3,0.015,9,7.304167,18,0.015,28,17.4,62,62,40
141,1,73,23,2014/9/2,North Birmingham,Alabama,Jefferson,Birmingham,83.966667,1.620833,214.791667,997.316667,6.995833,6,0.017167,4,6.995833,12,0.017167,28,9.5,40,40,38
142,1,73,23,2014/9/3,North Birmingham,Alabama,Jefferson,Birmingham,81.075,1.108333,188.75,996.5875,7.529167,2,0.024167,1,7.529167,16,0.024167,38,6.2,26,38,37
143,1,73,23,2014/9/4,North Birmingham,Alabama,Jefferson,Birmingham,79.129167,0.883333,136.291667,998.445833,11.520833,3,0.019375,1,11.520833,25,0.019375,37,8.8,37,37,46
144,1,73,23,2014/9/5,North Birmingham,Alabama,Jefferson,Birmingham,80.204167,0.770833,93.458333,998.958333,13.929167,3,0.018792,9,13.929167,24,0.018792,40,11.1,46,46,50
145,1,73,23,2014/9/6,North Birmingham,Alabama,Jefferson,Birmingham,81.029167,0.970833,129.041667,996.3,8.933333,3,0.030458,44,8.933333,20,0.030458,44,12,50,50,44
146,1,73,23,2014/9/7,North Birmingham,Alabama,Jefferson,Birmingham,81.420833,1.1875,128.208333,995.041667,3.3875,2,0.028542,17,3.3875,7,0.028542,39,10.6,44,44,51
147,1,73,23,2014/9/8,North Birmingham,Alabama,Jefferson,Birmingham,81.258333,0.754167,154.583333,995.808333,10.118182,3,0.028083,11,10.118182,21,0.028083,51,10.3,43,51,58
148,1,73,23,2014/9/9,North Birmingham,Alabama,Jefferson,Birmingham,80.104167,1.429167,122.625,996.9125,10.166667,2,0.024167,23,10.166667,22,0.024167,36,15.5,58,58,34
149,1,73,23,2014/9/10,North Birmingham,Alabama,Jefferson,Birmingham,81.795833,1.858333,151.5,995.3875,5.745833,2,0.023833,3,5.745833,11,0.023833,31,8.1,34,34,31
150,1,73,23,2014/9/11,North Birmingham,Alabama,Jefferson,Birmingham,82.425,1.6,188.125,995.725,9.0625,2,0.017375,3,9.0625,22,0.017375,31,6.3,26,31,38
151,1,73,23,2014/9/12,North Birmingham,Alabama,Jefferson,Birmingham,79.954167,0.95,183.833333,996.320833,8.654167,2,0.021333,9,8.654167,15,0.021333,35,9.1,38,38,58
152,1,73,23,2014/9/13,North Birmingham,Alabama,Jefferson,Birmingham,72.35,1.8125,64.375,998.704167,2.333333,2,0.021333,0,2.333333,4,0.021333,29,15.3,58,58,62
153,1,73,23,2014/9/14,North Birmingham,Alabama,Jefferson,Birmingham,76.604167,0.925,88.5,999.791667,4.625,2,0.022125,62,4.625,12,0.022125,35,10.4,43,62,33
154,1,73,23,2014/9/15,North Birmingham,Alabama,Jefferson,Birmingham,77.845833,1.0375,112.833333,999.4875,8.716667,2,0.017333,6,8.716667,20,0.017333,31,7.9,33,33,40
155,1,73,23,2014/9/16,North Birmingham,Alabama,Jefferson,Birmingham,78.6125,0.775,182.625,996.8875,10.729167,5,0.019583,6,10.729167,28,0.019583,34,9.5,40,40,55
156,1,73,23,2014/9/17,North Birmingham,Alabama,Jefferson,Birmingham,76.025,1.1625,151.833333,993.7625,6.670833,2,0.024042,7,6.670833,24,0.024042,37,14,55,55,51
157,1,73,23,2014/9/18,North Birmingham,Alabama,Jefferson,Birmingham,75.133333,0.783333,111,993.741667,15.883333,2,0.024917,19,15.883333,28,0.024917,41,12.1,51,51,51
158,1,73,23,2014/9/19,North Birmingham,Alabama,Jefferson,Birmingham,78.508333,1.295833,97.541667,995.908333,7.804167,2,0.032125,14,7.804167,16,0.032125,43,12.3,51,51,41
159,1,73,23,2014/9/20,North Birmingham,Alabama,Jefferson,Birmingham,76.370833,1.329167,77.208333,997.075,8.141667,3,0.025375,7,8.141667,27,0.025375,41,8.9,37,41,56
160,1,73,23,2014/9/21,North Birmingham,Alabama,Jefferson,Birmingham,78.908333,1.316667,196.166667,995.429167,7.854167,6,0.029042,6,7.854167,19,0.029042,44,14.7,56,56,47
161,1,73,23,2014/9/22,North Birmingham,Alabama,Jefferson,Birmingham,71.875,1.741667,112.125,997.370833,4.790476,2,0.030833,3,4.790476,14,0.030833,40,11.3,47,47,46
162,1,73,23,2014/9/23,North Birmingham,Alabama,Jefferson,Birmingham,70.058333,1.5875,47.416667,999.716667,6.9,2,0.036583,17,6.9,19,0.036583,46,6.9,29,46,44
163,1,73,23,2014/9/24,North Birmingham,Alabama,Jefferson,Birmingham,70.316667,1.3,59.291667,1001.85,8.7875,3,0.029208,10,8.7875,28,0.029208,44,10.2,43,44,49
164,1,73,23,2014/9/25,North Birmingham,Alabama,Jefferson,Birmingham,72.8125,1.004167,55.166667,1000.5625,16.191667,5,0.026667,11,16.191667,34,0.026667,45,11.8,49,49,31
165,1,73,23,2014/9/26,North Birmingham,Alabama,Jefferson,Birmingham,73.0125,1.183333,74.125,999.108333,9.828571,3,0.022458,7,9.828571,22,0.022458,31,4.9,20,31,29
166,1,73,23,2014/9/27,North Birmingham,Alabama,Jefferson,Birmingham,72.220833,1.233333,76.416667,998.558333,7.775,2,0.019292,3,7.775,21,0.019292,29,4.9,20,29,32
167,1,73,23,2014/9/28,North Birmingham,Alabama,Jefferson,Birmingham,73.758333,1.308333,68.875,997.2375,6.6125,2,0.024917,3,6.6125,21,0.024917,32,6.3,26,32,43
168,1,73,23,2014/9/29,North Birmingham,Alabama,Jefferson,Birmingham,74.654167,1.091667,49.875,993.729167,7.233333,2,0.022583,13,7.233333,13,0.022583,31,10.2,43,43,48
169,1,73,23,2014/9/30,North Birmingham,Alabama,Jefferson,Birmingham,72.908333,0.733333,45.291667,992.220833,11.845833,5,0.019,9,11.845833,29,0.019,38,11.6,48,48,66
170,1,73,23,2014/10/1,North Birmingham,Alabama,Jefferson,Birmingham,76.166667,0.733333,132.333333,993.579167,15.279167,7,0.026667,14,15.279167,31,0.026667,49,19.2,66,66,32
171,1,73,23,2014/10/2,North Birmingham,Alabama,Jefferson,Birmingham,77.391667,1.6375,147.041667,994.991667,10.9125,2,0.023,7,10.9125,22,0.023,32,6.3,26,32,39
172,1,73,23,2014/10/3,North Birmingham,Alabama,Jefferson,Birmingham,70.879167,1.85,244.666667,992.191667,7.275,2,0.030458,0,7.275,24,0.030458,35,9.4,39,39,31
173,1,73,23,2014/10/4,North Birmingham,Alabama,Jefferson,Birmingham,57.716667,1.883333,289.541667,993.929167,3.595833,1,0.024667,0,3.595833,9,0.024667,31,6.2,26,31,36
174,1,73,23,2014/10/5,North Birmingham,Alabama,Jefferson,Birmingham,60.7,1.645833,167.166667,993.5125,8.9,3,0.029708,9,8.9,20,0.029708,36,7.9,33,36,39
175,1,73,23,2014/10/6,North Birmingham,Alabama,Jefferson,Birmingham,69.554167,2.354167,210.208333,993.808333,8.07619,2,0.036875,1,8.07619,16,0.036875,39,5.9,25,39,42
176,1,73,23,2014/10/7,North Birmingham,Alabama,Jefferson,Birmingham,75.229167,2.208333,213.375,995.3875,7.316667,2,0.034542,3,7.316667,15,0.034542,42,5.5,23,42,43
177,1,73,23,2014/10/8,North Birmingham,Alabama,Jefferson,Birmingham,77.370833,1.479167,224.958333,998.158333,8.570833,2,0.029917,4,8.570833,20,0.029917,41,10.2,43,43,58
178,1,73,23,2014/10/9,North Birmingham,Alabama,Jefferson,Birmingham,76.408333,0.895833,150.708333,997.466667,18.745833,5,0.020208,4,18.745833,33,0.020208,41,15.2,58,58,32
179,1,73,23,2014/10/10,North Birmingham,Alabama,Jefferson,Birmingham,74.683333,1.725,221.75,995.6,9.495833,6,0.020708,3,9.495833,29,0.020708,28,7.7,32,32,53
180,1,73,23,2014/10/11,North Birmingham,Alabama,Jefferson,Birmingham,76.541667,0.929167,236.291667,995.058333,9.195833,5,0.016708,0,9.195833,21,0.016708,31,12.9,53,53,52
181,1,73,23,2014/10/12,North Birmingham,Alabama,Jefferson,Birmingham,75.1,1.320833,165.125,994.925,7.125,6,0.022583,4,7.125,15,0.022583,31,12.8,52,52,28
182,1,73,23,2014/10/13,North Birmingham,Alabama,Jefferson,Birmingham,73.804167,2.775,152.208333,992.370833,4.029167,2,0.026375,0,4.029167,6,0.026375,28,6.8,28,28,28
183,1,73,23,2014/10/14,North Birmingham,Alabama,Jefferson,Birmingham,64.2375,2.6375,222.541667,988.05,6.445833,2,0.021167,0,6.445833,14,0.021167,26,6.7,28,28,31
184,1,73,23,2014/10/15,North Birmingham,Alabama,Jefferson,Birmingham,62.654167,1.941667,245.166667,990.6125,6.9875,3,0.024083,0,6.9875,15,0.024083,31,5.9,25,31,33
185,1,73,23,2014/10/16,North Birmingham,Alabama,Jefferson,Birmingham,63.854167,1.316667,228.041667,991.420833,11.729167,5,0.017833,0,11.729167,27,0.017833,33,7.1,30,33,58
186,1,73,23,2014/10/17,North Birmingham,Alabama,Jefferson,Birmingham,66.729167,1.5125,173.958333,992.083333,14.125,8,0.028125,3,14.125,35,0.028125,58,14.5,56,58,52
187,1,73,23,2014/10/18,North Birmingham,Alabama,Jefferson,Birmingham,64.379167,1.358333,212.125,993.879167,6.795833,5,0.029167,0,6.795833,31,0.029167,36,12.4,52,52,31
188,1,73,23,2014/10/19,North Birmingham,Alabama,Jefferson,Birmingham,58.325,0.841667,91.291667,997.2125,7.329167,3,0.017542,17,7.329167,20,0.017542,31,7.5,31,31,60
189,1,73,23,2014/10/20,North Birmingham,Alabama,Jefferson,Birmingham,60.9375,0.683333,146.833333,995.041667,13.636364,6,0.017792,3,13.636364,31,0.017792,40,16.5,60,60,59
190,1,73,23,2014/10/21,North Birmingham,Alabama,Jefferson,Birmingham,62.629167,0.8375,199.583333,994.541667,12.383333,6,0.020667,13,12.383333,28,0.020667,40,15.7,59,59,34
191,1,73,23,2014/10/22,North Birmingham,Alabama,Jefferson,Birmingham,57.525,1.4375,115.125,997.279167,8.691667,3,0.021125,7,8.691667,19,0.021125,31,8.2,34,34,29
192,1,73,23,2014/10/23,North Birmingham,Alabama,Jefferson,Birmingham,57.270833,1.0125,159.916667,996.65,8.966667,2,0.017417,19,8.966667,20,0.017417,29,6.4,27,29,45
193,1,73,23,2014/10/24,North Birmingham,Alabama,Jefferson,Birmingham,60.6,0.95,200.791667,995.7875,11.041667,3,0.019708,6,11.041667,28,0.019708,38,10.8,45,45,62
194,1,73,23,2014/10/25,North Birmingham,Alabama,Jefferson,Birmingham,62.0875,0.558333,157.916667,995.970833,17.2125,9,0.017333,14,17.2125,34,0.017333,43,17.2,62,62,82
195,1,73,23,2014/10/26,North Birmingham,Alabama,Jefferson,Birmingham,68.791667,0.616667,163.291667,994.779167,12.091667,10,0.02075,6,12.091667,25,0.02075,54,26.8,82,82,82
196,1,73,23,2014/10/27,North Birmingham,Alabama,Jefferson,Birmingham,72.208333,1.204167,134.791667,995.391667,11.625,8,0.028708,10,11.625,31,0.028708,43,26.8,82,82,58
197,1,73,23,2014/10/28,North Birmingham,Alabama,Jefferson,Birmingham,70.045833,1.308333,216.583333,997.329167,14.129167,3,0.02625,3,14.129167,29,0.02625,41,15.6,58,58,45
198,1,73,23,2014/10/29,North Birmingham,Alabama,Jefferson,Birmingham,61.416667,1.125,231.083333,996.133333,12.216667,3,0.014958,0,12.216667,27,0.014958,26,10.7,45,45,43
199,1,73,23,2014/10/30,North Birmingham,Alabama,Jefferson,Birmingham,53.841667,0.758333,185.625,995.0125,11.6125,6,0.014375,3,11.6125,23,0.014375,33,10.2,43,43,55
200,1,73,23,2014/10/31,North Birmingham,Alabama,Jefferson,Birmingham,51.825,1.558333,209.208333,993.341667,9.391667,7,0.022,24,9.391667,28,0.022,32,14,55,55,27
201,1,73,23,2014/11/1,North Birmingham,Alabama,Jefferson,Birmingham,41.908333,1.8,258.25,999.55,4.516667,2,0.019458,1,4.516667,19,0.019458,27,5.6,23,27,41
202,1,73,23,2014/11/2,North Birmingham,Alabama,Jefferson,Birmingham,44.275,0.983333,90.5,1004.520833,11.029167,3,0.015667,24,11.029167,29,0.015667,33,9.8,41,41,63
203,1,73,23,2014/11/3,North Birmingham,Alabama,Jefferson,Birmingham,51.641667,0.770833,108.333333,1005,22.345455,5,0.013708,36,22.345455,36,0.013708,31,17.8,63,63,55
204,1,73,23,2014/11/4,North Birmingham,Alabama,Jefferson,Birmingham,59.9375,1.216667,193.416667,1002.495833,17.070833,5,0.029875,6,17.070833,28,0.029875,40,14.2,55,55,42
205,1,73,23,2014/11/5,North Birmingham,Alabama,Jefferson,Birmingham,63.808333,1.1,190.375,1000.533333,15.8875,3,0.020458,6,15.8875,28,0.020458,29,10,42,42,38
206,1,73,23,2014/11/6,North Birmingham,Alabama,Jefferson,Birmingham,61.954167,1.945833,285.708333,996.941667,5.166667,3,0.031208,7,5.166667,12,0.031208,34,9.1,38,38,31
207,1,73,23,2014/11/7,North Birmingham,Alabama,Jefferson,Birmingham,48.275,1.241667,210.875,995.908333,7.15,5,0.020083,1,7.15,22,0.020083,30,7.4,31,31,60
208,1,73,23,2014/11/8,North Birmingham,Alabama,Jefferson,Birmingham,51.4125,0.720833,209.5,992.679167,13.141667,7,0.020458,4,13.141667,27,0.020458,31,16.2,60,60,54
209,1,73,23,2014/11/9,North Birmingham,Alabama,Jefferson,Birmingham,50.870833,0.745833,162.333333,992.833333,8.870833,6,0.015917,23,8.870833,25,0.015917,30,13.6,54,54,60
210,1,73,23,2014/11/10,North Birmingham,Alabama,Jefferson,Birmingham,55.383333,1.133333,123.666667,992.629167,11.279167,7,0.027708,6,11.279167,27,0.027708,35,16.3,60,60,68
211,1,73,23,2014/11/11,North Birmingham,Alabama,Jefferson,Birmingham,62.954167,1.316667,165.083333,993.041667,14.641667,3,0.027583,9,14.641667,31,0.027583,42,20.3,68,68,53
212,1,73,23,2014/11/12,North Birmingham,Alabama,Jefferson,Birmingham,46.879167,1.866667,224.833333,996.675,5.091667,3,0.013333,1,5.091667,18,0.013333,17,13.2,53,53,51
213,1,73,23,2014/11/13,North Birmingham,Alabama,Jefferson,Birmingham,37.2625,2.045833,314.416667,999.566667,3.558333,1,0.02125,1,3.558333,6,0.02125,23,12.3,51,51,62
214,1,73,23,2014/11/14,North Birmingham,Alabama,Jefferson,Birmingham,32.495833,1.920833,152.25,1001.1,5.866667,2,0.020792,3,5.866667,13,0.020792,26,17.4,62,62,56
215,1,73,23,2014/11/15,North Birmingham,Alabama,Jefferson,Birmingham,41.570833,1.425,137.958333,1000.933333,8.116667,2,0.027,7,8.116667,16,0.027,31,14.7,56,56,46
216,1,73,23,2014/11/16,North Birmingham,Alabama,Jefferson,Birmingham,51.604167,1.7625,123.583333,994.504167,6.091667,2,0.024667,11,6.091667,12,0.024667,29,11.1,46,46,31
217,1,73,23,2014/11/17,North Birmingham,Alabama,Jefferson,Birmingham,41.05,2.141667,293.875,991.833333,3.918182,2,0.024833,1,3.918182,8,0.024833,31,3.6,15,31,50
218,1,73,23,2014/11/18,North Birmingham,Alabama,Jefferson,Birmingham,28.808333,1.3875,270.208333,1002.979167,13.545833,8,0.019917,1,13.545833,34,0.019917,34,12,50,50,57
219,1,73,23,2014/11/19,North Birmingham,Alabama,Jefferson,Birmingham,38.529167,1.633333,149.375,1002.208333,18.7375,11,0.025833,3,18.7375,34,0.025833,33,14.9,57,57,57
220,1,73,23,2014/11/20,North Birmingham,Alabama,Jefferson,Birmingham,51.1625,1.4,202.25,1000.333333,18.9625,7,0.0215,10,18.9625,42,0.0215,42,14.9,57,57,59
221,1,73,23,2014/11/21,North Birmingham,Alabama,Jefferson,Birmingham,53.8875,1.058333,62.875,1003.766667,20.295833,7,0.023708,11,20.295833,36,0.023708,39,15.7,59,59,52
222,1,73,23,2014/11/22,North Birmingham,Alabama,Jefferson,Birmingham,56.683333,1.995833,103.625,1001.391667,8.870833,3,0.036042,14,8.870833,23,0.036042,41,12.8,52,52,32
223,1,73,23,2014/11/23,North Birmingham,Alabama,Jefferson,Birmingham,60.1875,2.725,136.916667,984.925,3.5375,1,0.030333,0,3.5375,7,0.030333,32,2.8,12,32,45
224,1,73,23,2014/11/24,North Birmingham,Alabama,Jefferson,Birmingham,61.533333,2.704167,249.666667,988.283333,5.254167,2,0.025333,1,5.254167,10,0.025333,29,10.7,45,45,31
225,1,73,23,2014/11/25,North Birmingham,Alabama,Jefferson,Birmingham,50.429167,1.208333,326.208333,995.941667,7.925,3,0.02375,4,7.925,18,0.02375,31,5.2,22,31,31
226,1,73,23,2014/11/26,North Birmingham,Alabama,Jefferson,Birmingham,47.441667,1.625,265.791667,995.858333,8.009091,2,0.026125,1,8.009091,16,0.026125,31,4.9,20,31,32
227,1,73,23,2014/11/27,North Birmingham,Alabama,Jefferson,Birmingham,40.775,1.4,303.416667,1003.1625,5.479167,2,0.019417,0,5.479167,17,0.019417,20,7.7,32,32,31
228,1,73,23,2014/11/28,North Birmingham,Alabama,Jefferson,Birmingham,41.216667,0.9125,134.208333,1003.170833,9.6,3,0.024417,20,9.6,25,0.024417,31,7.5,31,31,33
229,1,73,23,2014/11/29,North Birmingham,Alabama,Jefferson,Birmingham,52.283333,1.979167,185.5,999.116667,8.375,5,0.028875,20,8.375,12,0.028875,31,7.9,33,33,34
230,1,73,23,2014/11/30,North Birmingham,Alabama,Jefferson,Birmingham,62.195833,2.404167,195.083333,1001.295833,4.391667,2,0.030542,1,4.391667,13,0.030542,34,7.6,32,34,43
231,1,73,23,2014/12/1,North Birmingham,Alabama,Jefferson,Birmingham,62.404167,1.270833,172.791667,1004.066667,12.938095,9,0.013833,0,12.938095,29,0.013833,26,10.4,43,43,55
232,1,73,23,2014/12/2,North Birmingham,Alabama,Jefferson,Birmingham,61.1375,0.9375,215.208333,1002.058333,11.616667,9,0.013292,3,11.616667,23,0.013292,27,14.2,55,55,54
233,1,73,23,2014/12/3,North Birmingham,Alabama,Jefferson,Birmingham,59.566667,0.725,133.541667,1001.683333,10.629167,5,0.012708,31,10.629167,24,0.012708,27,13.3,54,54,54
234,1,73,23,2014/12/4,North Birmingham,Alabama,Jefferson,Birmingham,63.816667,1.041667,134.583333,1001.354167,17.025,7,0.012583,9,17.025,29,0.012583,28,13.4,54,54,46
235,1,73,23,2014/12/5,North Birmingham,Alabama,Jefferson,Birmingham,65.2,2.025,119.583333,1001.408333,10.829167,8,0.021083,3,10.829167,23,0.021083,28,11,46,46,38
236,1,73,23,2014/12/6,North Birmingham,Alabama,Jefferson,Birmingham,59.425,2.629167,180.208333,1000.241667,3.566667,2,0.025583,0,3.566667,8,0.025583,28,9.2,38,38,33
237,1,73,23,2014/12/7,North Birmingham,Alabama,Jefferson,Birmingham,49.995833,2.408333,20.208333,1002.591667,3.283333,2,0.027375,7,3.283333,14,0.027375,31,7.9,33,33,43
238,1,73,23,2014/12/8,North Birmingham,Alabama,Jefferson,Birmingham,47.733333,1.116667,94.041667,1000.679167,15.154167,6,0.012222,9,15.154167,29,0.012222,24,10.3,43,43,45
239,1,73,23,2014/12/9,North Birmingham,Alabama,Jefferson,Birmingham,47.420833,1.9375,225.125,997.975,8.5625,7,0.021583,1,8.5625,27,0.021583,31,10.8,45,45,38
240,1,73,23,2014/12/10,North Birmingham,Alabama,Jefferson,Birmingham,38.8625,1.433333,298.708333,998.616667,9.091667,3,0.012083,3,9.091667,15,0.012083,19,9.1,38,38,53
241,1,73,23,2014/12/11,North Birmingham,Alabama,Jefferson,Birmingham,39.3,0.975,233.083333,998.991667,11.241667,3,0.012833,3,11.241667,21,0.012833,23,12.9,53,53,60
242,1,73,23,2014/12/12,North Birmingham,Alabama,Jefferson,Birmingham,42.341667,0.816667,154.5,1002.179167,16.891667,8,0.011333,3,16.891667,31,0.011333,26,16.3,60,60,57
243,1,73,23,2014/12/13,North Birmingham,Alabama,Jefferson,Birmingham,42.4625,1.245833,253.916667,1000.379167,10.704167,9,0.021083,3,10.704167,23,0.021083,34,15.1,57,57,54
244,1,73,23,2014/12/14,North Birmingham,Alabama,Jefferson,Birmingham,45.041667,1.1375,102.958333,996.6125,9.583333,5,0.021417,1,9.583333,23,0.021417,36,13.6,54,54,71
245,1,73,23,2014/12/15,North Birmingham,Alabama,Jefferson,Birmingham,51.033333,1.570833,116.333333,993.033333,15.038095,7,0.019583,7,15.038095,27,0.019583,29,21.4,71,71,39
246,1,73,23,2014/12/16,North Birmingham,Alabama,Jefferson,Birmingham,51.366667,2.066667,274.291667,995.691667,7.05,5,0.014458,0,7.05,16,0.014458,23,9.4,39,39,34
247,1,73,23,2014/12/17,North Birmingham,Alabama,Jefferson,Birmingham,40.358333,1.004167,216.541667,999.229167,9.729167,6,0.008042,0,9.729167,16,0.008042,15,8.2,34,34,35
248,1,73,23,2014/12/30,North Birmingham,Alabama,Jefferson,Birmingham,41.175,1.808333,165.166667,1003.258333,5.5625,2,0.015375,0,5.5625,10,0.015375,20,8.4,35,35,44
249,1,73,23,2014/12/31,North Birmingham,Alabama,Jefferson,Birmingham,37.2125,1.3125,112.333333,1005.458333,9.370833,5,0.014737,7,9.370833,21,0.014737,19,10.6,44,44,56
250,1,73,23,2015/1/1,North Birmingham,Alabama,Jefferson,Birmingham,43.083333,0.704167,108.583333,1002.5125,13.916667,3,0.014167,3,13.916667,21,0.014167,21,14.6,56,56,37
251,1,73,23,2015/3/2,North Birmingham,Alabama,Jefferson,Birmingham,51.279167,1.120833,146.791667,1002.358333,8.975,3,0.011556,1,8.975,15,0.011556,15,8.9,37,37,45
252,1,73,23,2015/3/3,North Birmingham,Alabama,Jefferson,Birmingham,60.066667,1.220833,119.583333,996.620833,14.1625,3,0.00775,3,14.1625,17,0.00775,16,10.9,45,45,23
253,1,73,23,2015/3/4,North Birmingham,Alabama,Jefferson,Birmingham,65.541667,3.029167,209.625,992.1875,5.270833,2,0.018667,1,5.270833,10,0.018667,21,5.5,23,23,37
254,1,73,23,2015/3/5,North Birmingham,Alabama,Jefferson,Birmingham,32.808333,3.904167,236.75,998.0625,3.225,2,0.034167,0,3.225,4,0.034167,37,5.1,21,37,39
255,1,73,23,2015/3/6,North Birmingham,Alabama,Jefferson,Birmingham,32.116667,1.516667,150.75,1006.1125,5.9625,2,0.031458,1,5.9625,19,0.031458,39,8.1,34,39,40
256,1,73,23,2015/3/9,North Birmingham,Alabama,Jefferson,Birmingham,54.633333,1.404167,58.041667,998.175,9.84,2,0.030583,1,9.84,20,0.030583,36,9.6,40,40,43
257,1,73,23,2015/3/10,North Birmingham,Alabama,Jefferson,Birmingham,64.008333,2.5125,178.083333,995.495833,7.55,2,0.023333,0,7.55,13,0.023333,27,10.2,43,43,35
258,1,73,23,2015/3/11,North Birmingham,Alabama,Jefferson,Birmingham,64.4625,0.9,166.041667,998.983333,9.508333,3,0.022125,0,9.508333,20,0.022125,35,5.5,23,35,45
259,1,73,23,2015/3/12,North Birmingham,Alabama,Jefferson,Birmingham,63.191667,1.795833,65.625,1001.104167,7.695833,3,0.019375,4,7.695833,11,0.019375,26,10.8,45,45,57
260,1,73,23,2015/3/13,North Birmingham,Alabama,Jefferson,Birmingham,56.608333,2.729167,96.625,998.233333,5.604167,2,0.028625,57,5.604167,8,0.028625,32,8.3,35,57,30
261,1,73,23,2015/3/14,North Birmingham,Alabama,Jefferson,Birmingham,60.1875,1.233333,205.708333,995.575,6.766667,2,0.017125,0,6.766667,14,0.017125,24,7.1,30,30,40
262,1,73,23,2015/3/15,North Birmingham,Alabama,Jefferson,Birmingham,64.254167,0.920833,149.583333,1000.720833,8.691667,6,0.021375,9,8.691667,25,0.021375,40,7.5,31,40,62
263,1,73,23,2015/3/16,North Birmingham,Alabama,Jefferson,Birmingham,64.533333,0.7125,164.666667,998.754167,17.233333,7,0.021292,62,17.233333,37,0.021292,43,17.3,62,62,60
264,1,73,23,2015/3/17,North Birmingham,Alabama,Jefferson,Birmingham,68.166667,1.420833,250.458333,995.216667,9.854167,7,0.033125,1,9.854167,23,0.033125,43,16.2,60,60,49
265,1,73,23,2015/3/18,North Birmingham,Alabama,Jefferson,Birmingham,65.133333,1.1625,131.416667,995.533333,7.329167,2,0.037,27,7.329167,13,0.037,46,11.8,49,49,71
266,1,73,23,2015/3/19,North Birmingham,Alabama,Jefferson,Birmingham,61.670833,1.2375,190.583333,994.279167,11.708333,3,0.019042,3,11.708333,28,0.019042,29,21.5,71,71,62
267,1,73,23,2015/3/20,North Birmingham,Alabama,Jefferson,Birmingham,61.566667,1.0625,166.333333,996.745833,9.5375,3,0.014625,3,9.5375,14,0.014625,23,17.1,62,62,43
268,1,73,23,2015/3/21,North Birmingham,Alabama,Jefferson,Birmingham,58.891667,0.970833,186.625,997.4625,5.2,2,0.026875,27,5.2,12,0.026875,31,10.2,43,43,36
269,1,73,23,2015/3/22,North Birmingham,Alabama,Jefferson,Birmingham,55.416667,1.875,68.75,992.333333,7.308333,2,0.034458,1,7.308333,15,0.034458,36,4,17,36,42
270,1,73,23,2015/3/23,North Birmingham,Alabama,Jefferson,Birmingham,59.25,1.641667,83.958333,993.95,9.695455,5,0.025875,6,9.695455,26,0.025875,42,8.4,35,42,48
271,1,73,23,2015/3/24,North Birmingham,Alabama,Jefferson,Birmingham,59.35,1.5,133,996.791667,10.070833,7,0.024292,9,10.070833,20,0.024292,33,11.5,48,48,40
272,1,73,23,2015/3/25,North Birmingham,Alabama,Jefferson,Birmingham,68.470833,1.545833,175.875,996.375,7.122727,2,0.03325,1,7.122727,15,0.03325,40,7.9,33,40,39
273,1,73,23,2015/3/26,North Birmingham,Alabama,Jefferson,Birmingham,65.5625,2.3125,237.5,990.233333,5.7375,2,0.031917,0,5.7375,13,0.031917,39,7.7,32,39,37
274,1,73,23,2015/3/27,North Birmingham,Alabama,Jefferson,Birmingham,47.041667,2.245833,318.708333,991.395833,3.0125,2,0.032792,0,3.0125,8,0.032792,37,6.5,27,37,41
275,1,73,23,2015/3/28,North Birmingham,Alabama,Jefferson,Birmingham,42.816667,1.429167,226.708333,999.020833,3.295833,2,0.033458,1,3.295833,8,0.033458,41,4.9,20,41,43
276,1,73,23,2015/3/29,North Birmingham,Alabama,Jefferson,Birmingham,51.3125,1.9125,128.541667,1001.591667,8.391667,2,0.038708,19,8.391667,28,0.038708,43,7.2,30,43,42
277,1,73,23,2015/3/30,North Birmingham,Alabama,Jefferson,Birmingham,64.008333,1.55,249.125,997.9625,9.266667,5,0.027083,4,9.266667,28,0.027083,42,9.5,40,42,65
278,1,73,23,2015/3/31,North Birmingham,Alabama,Jefferson,Birmingham,64.2375,1.3375,177.5,994.004167,16.354167,9,0.023167,10,16.354167,31,0.023167,34,18.9,65,65,51
279,1,73,23,2015/4/1,North Birmingham,Alabama,Jefferson,Birmingham,68.133333,0.683333,180.958333,995.483333,13.929167,5,0.03075,3,13.929167,36,0.03075,51,10.1,42,51,42
280,1,73,23,2015/4/2,North Birmingham,Alabama,Jefferson,Birmingham,70.029167,1.8,176.041667,996.945833,11.816667,5,0.028083,4,11.816667,26,0.028083,32,10.1,42,42,38
281,1,73,23,2015/4/3,North Birmingham,Alabama,Jefferson,Birmingham,72.7375,3.079167,220.5,994.95,4.7625,2,0.035208,0,4.7625,11,0.035208,38,8.3,35,38,38
282,1,73,23,2015/4/4,North Birmingham,Alabama,Jefferson,Birmingham,57.3625,2.125,110.083333,1000.441667,2.9,2,0.030708,0,2.9,14,0.030708,38,5.7,24,38,44
283,1,73,23,2015/4/5,North Birmingham,Alabama,Jefferson,Birmingham,60.958333,1.5125,106.25,999.266667,7.5875,2,0.037833,7,7.5875,21,0.037833,44,6.6,28,44,45
284,1,73,23,2015/4/6,North Birmingham,Alabama,Jefferson,Birmingham,66.3,1.629167,160.916667,998.604167,10.718182,2,0.022667,1,10.718182,22,0.022667,26,10.7,45,45,51
285,1,73,23,2015/4/7,North Birmingham,Alabama,Jefferson,Birmingham,69.6625,1.2875,200.791667,998.8125,9.575,5,0.016,0,9.575,18,0.016,30,12.1,51,51,53
286,1,73,23,2015/4/8,North Birmingham,Alabama,Jefferson,Birmingham,72.491667,1.329167,206.375,997.3125,10.7625,6,0.018292,4,10.7625,20,0.018292,31,12.9,53,53,48
287,1,73,23,2015/4/9,North Birmingham,Alabama,Jefferson,Birmingham,75.595833,2.558333,204.208333,996.0125,5.8375,5,0.027458,1,5.8375,19,0.027458,31,11.4,48,48,28
288,1,73,23,2015/4/10,North Birmingham,Alabama,Jefferson,Birmingham,68.654167,1.775,279.791667,995.591667,4.125,2,0.022833,0,4.125,8,0.022833,28,5.8,24,28,46
289,1,73,23,2015/4/11,North Birmingham,Alabama,Jefferson,Birmingham,65.2,1.191667,67.708333,997.908333,7.7375,3,0.029083,24,7.7375,27,0.029083,46,7.7,32,46,54
290,1,73,23,2015/4/12,North Birmingham,Alabama,Jefferson,Birmingham,65.525,1.125,93.583333,997.545833,9.733333,5,0.0255,9,9.733333,22,0.0255,36,13.7,54,54,20
291,1,73,23,2015/4/13,North Birmingham,Alabama,Jefferson,Birmingham,68.970833,1.804167,156.25,996.141667,8.6625,2,0.016458,3,8.6625,16,0.016458,20,4.2,18,20,37
292,1,73,23,2015/4/14,North Birmingham,Alabama,Jefferson,Birmingham,71.8375,2.058333,206.083333,995.8,7.375,2,0.023833,0,7.375,16,0.023833,31,8.8,37,37,43
293,1,73,23,2015/4/15,North Birmingham,Alabama,Jefferson,Birmingham,72.133333,1.2125,194.666667,995.529167,9.2375,3,0.029042,3,9.2375,22,0.029042,43,9.3,39,43,21
294,1,73,23,2015/4/16,North Birmingham,Alabama,Jefferson,Birmingham,63.329167,1.475,101.541667,997.258333,7.008333,2,0.011833,7,7.008333,13,0.011833,16,5.1,21,21,15
295,1,73,23,2015/4/17,North Birmingham,Alabama,Jefferson,Birmingham,60.841667,1.029167,81.458333,994.9375,7.3125,2,0.010708,0,7.3125,12,0.010708,13,3.6,15,15,22
296,1,73,23,2015/4/18,North Birmingham,Alabama,Jefferson,Birmingham,66.6625,0.9625,174.333333,991.795833,6.495833,2,0.016458,3,6.495833,14,0.016458,22,5.3,22,22,34
297,1,73,23,2015/4/19,North Birmingham,Alabama,Jefferson,Birmingham,69.675,2.345833,210.083333,985.158333,5.570833,2,0.031167,0,5.570833,22,0.031167,34,6,25,34,48
298,1,73,23,2015/4/20,North Birmingham,Alabama,Jefferson,Birmingham,66.2625,2.520833,255.041667,987.0875,5.52381,2,0.036417,1,5.52381,18,0.036417,48,6.2,26,48,44
299,1,73,23,2015/4/21,North Birmingham,Alabama,Jefferson,Birmingham,60.979167,0.9375,272.291667,992.925,13.05,5,0.024042,0,13.05,40,0.024042,44,5,21,44,46
300,1,73,23,2015/4/22,North Birmingham,Alabama,Jefferson,Birmingham,66.845833,1.595833,204.333333,992.670833,11.583333,5,0.0325,1,11.583333,29,0.0325,46,11,46,46,38
301,1,73,23,2015/4/23,North Birmingham,Alabama,Jefferson,Birmingham,60.233333,1.1,70.833333,993.883333,10.175,3,0.023625,7,10.175,30,0.023625,34,9.2,38,38,49
302,1,73,23,2015/4/24,North Birmingham,Alabama,Jefferson,Birmingham,64.833333,0.975,103.291667,993.441667,12.008333,3,0.038667,10,12.008333,25,0.038667,49,10.8,45,49,48
303,1,73,23,2015/4/25,North Birmingham,Alabama,Jefferson,Birmingham,69.345833,1.570833,181.416667,984.8875,7.295833,3,0.0215,0,7.295833,17,0.0215,29,11.6,48,48,40
304,1,73,23,2015/4/26,North Birmingham,Alabama,Jefferson,Birmingham,69.941667,2.0125,220.458333,985.225,3.891667,3,0.031417,0,3.891667,11,0.031417,40,9.6,40,40,44
305,1,73,23,2015/4/27,North Birmingham,Alabama,Jefferson,Birmingham,59.520833,1.5625,43.041667,989.675,4.6,2,0.034833,13,4.6,12,0.034833,44,8.2,34,44,43
306,1,73,23,2015/4/28,North Birmingham,Alabama,Jefferson,Birmingham,60.858333,1.133333,134.958333,988.791667,6.066667,2,0.035,10,6.066667,15,0.035,43,9.4,39,43,44
307,1,73,23,2015/4/29,North Birmingham,Alabama,Jefferson,Birmingham,60.420833,1.079167,203,986.9875,8.741667,5,0.02725,9,8.741667,31,0.02725,44,10.3,43,44,58
308,1,73,23,2015/4/30,North Birmingham,Alabama,Jefferson,Birmingham,64.204167,1.279167,247.208333,989.004167,8.590476,5,0.040708,1,8.590476,21,0.040708,58,8.3,35,58,51
309,1,73,23,2015/5/1,North Birmingham,Alabama,Jefferson,Birmingham,60.979167,1.2875,70,994.579167,7.6375,3,0.032792,1,7.6375,30,0.032792,51,7.4,31,51,71
310,1,73,23,2015/5/2,North Birmingham,Alabama,Jefferson,Birmingham,64.3875,0.533333,153.083333,996.708333,13.704167,5,0.029625,37,13.704167,26,0.029625,71,18,63,71,69
311,1,73,23,2015/5/3,North Birmingham,Alabama,Jefferson,Birmingham,68.720833,0.970833,138.791667,998.358333,13.8125,6,0.030458,19,13.8125,33,0.030458,67,20.8,69,69,77
312,1,73,23,2015/5/4,North Birmingham,Alabama,Jefferson,Birmingham,70.966667,0.683333,116.958333,1001.791667,18.63,6,0.029583,14,18.63,36,0.029583,77,23.8,76,77,67
313,1,73,23,2015/5/5,North Birmingham,Alabama,Jefferson,Birmingham,71.854167,1.025,79.708333,1002.125,16.979167,6,0.025792,20,16.979167,34,0.025792,48,19.5,67,67,68
314,1,73,23,2015/5/6,North Birmingham,Alabama,Jefferson,Birmingham,71.504167,0.916667,88,999.166667,16.341667,5,0.025292,16,16.341667,32,0.025292,47,20,68,68,78
315,1,73,23,2015/5/7,North Birmingham,Alabama,Jefferson,Birmingham,74.133333,0.7125,91.75,997.529167,17.5875,6,0.028292,51,17.5875,35,0.028292,64,25.1,78,78,122
316,1,73,23,2015/5/8,North Birmingham,Alabama,Jefferson,Birmingham,76.666667,0.75,137.416667,997.141667,20.358333,6,0.034125,43,20.358333,45,0.034125,122,24,76,122,101
317,1,73,23,2015/5/9,North Birmingham,Alabama,Jefferson,Birmingham,78.1375,0.870833,166.166667,997.425,16.470833,7,0.033042,29,16.470833,35,0.033042,101,24.1,76,101,87
318,1,73,23,2015/5/10,North Birmingham,Alabama,Jefferson,Birmingham,79.745833,1.020833,128.25,997.666667,14.954167,6,0.031875,20,14.954167,32,0.031875,67,29,87,87,72
319,1,73,23,2015/5/11,North Birmingham,Alabama,Jefferson,Birmingham,79.7375,1.75,227.833333,997.95,11.541667,6,0.024583,24,11.541667,32,0.024583,39,21.9,72,72,53
320,1,73,23,2015/5/12,North Birmingham,Alabama,Jefferson,Birmingham,75.091667,1.291667,294.333333,1000.95,4.554167,2,0.03525,1,4.554167,12,0.03525,44,13.1,53,53,84
321,1,73,23,2015/5/13,North Birmingham,Alabama,Jefferson,Birmingham,71.495833,1.208333,71.291667,1001.445833,9.216667,3,0.036833,11,9.216667,38,0.036833,84,11.6,48,84,112
322,1,73,23,2015/5/14,North Birmingham,Alabama,Jefferson,Birmingham,75.608333,0.804167,127.375,1000.691667,15.883333,5,0.045375,21,15.883333,35,0.045375,112,17.2,62,112,52
323,1,73,23,2015/5/15,North Birmingham,Alabama,Jefferson,Birmingham,74.5,2.125,149.708333,1000.633333,7.045833,3,0.028542,1,7.045833,14,0.028542,31,12.8,52,52,39
324,1,73,23,2015/5/16,North Birmingham,Alabama,Jefferson,Birmingham,73.225,1.591667,153.75,999.745833,5.354167,2,0.022167,1,5.354167,8,0.022167,27,9.4,39,39,43
325,1,73,23,2015/5/17,North Birmingham,Alabama,Jefferson,Birmingham,75.245833,1.45,140.583333,1000.829167,4.729167,2,0.022,1,4.729167,13,0.022,31,10.4,43,43,39
326,1,73,23,2015/5/18,North Birmingham,Alabama,Jefferson,Birmingham,76.5375,1.541667,239.708333,1000.483333,7.41,2,0.022875,1,7.41,16,0.022875,37,9.4,39,39,39
327,1,73,23,2015/5/19,North Birmingham,Alabama,Jefferson,Birmingham,77.633333,0.683333,235.208333,997.5375,9.841667,3,0.021792,7,9.841667,29,0.021792,39,9.3,39,39,52
328,1,73,23,2015/5/20,North Birmingham,Alabama,Jefferson,Birmingham,77.4625,1.670833,183.583333,994.395833,9.1875,6,0.02925,14,9.1875,24,0.02925,43,12.7,52,52,29
329,1,73,23,2015/5/21,North Birmingham,Alabama,Jefferson,Birmingham,64.325,1.5625,308.75,996.408333,2.471429,2,0.027208,0,2.471429,5,0.027208,29,5.4,23,29,45
330,1,73,23,2015/5/22,North Birmingham,Alabama,Jefferson,Birmingham,63.841667,1.120833,128.5,1000.7125,7.033333,3,0.029958,9,7.033333,25,0.029958,45,9.2,38,45,64
331,1,73,23,2015/5/23,North Birmingham,Alabama,Jefferson,Birmingham,72.966667,1.2375,110.5,1003.208333,10.225,3,0.043667,10,10.225,25,0.043667,64,18.2,64,64,52
332,1,73,23,2015/5/24,North Birmingham,Alabama,Jefferson,Birmingham,73.416667,1.8625,118.416667,1001.154167,4.966667,3,0.035292,7,4.966667,20,0.035292,40,12.5,52,52,32
333,1,73,23,2015/5/25,North Birmingham,Alabama,Jefferson,Birmingham,72.808333,1.9375,138.875,999.775,4.529167,2,0.024958,4,4.529167,13,0.024958,32,7,29,32,23
334,1,73,23,2015/5/26,North Birmingham,Alabama,Jefferson,Birmingham,73.158333,2.004167,167.416667,999.145833,5.841667,2,0.018875,0,5.841667,15,0.018875,21,5.5,23,23,31
335,1,73,23,2015/5/27,North Birmingham,Alabama,Jefferson,Birmingham,73.845833,1.291667,138.916667,1000.616667,5.579167,1,0.022667,4,5.579167,10,0.022667,29,7.4,31,31,37
336,1,73,23,2015/5/28,North Birmingham,Alabama,Jefferson,Birmingham,71.045833,0.820833,145.5,999.4125,13.244444,2,0.019125,4,13.244444,19,0.019125,23,8.9,37,37,38
337,1,73,23,2015/6/1,North Birmingham,Alabama,Jefferson,Birmingham,73.7,1.154167,180.958333,996.0625,11.4,2,0.02675,1,11.4,14,0.02675,38,8.2,34,38,40
338,1,73,23,2015/6/3,North Birmingham,Alabama,Jefferson,Birmingham,72.508333,0.970833,250.5,993.158333,4.246667,2,0.026042,3,4.246667,13,0.026042,40,9.4,39,40,52
339,1,73,23,2015/6/4,North Birmingham,Alabama,Jefferson,Birmingham,75.35,0.870833,73.791667,995.016667,8.566667,2,0.028542,3,8.566667,19,0.028542,46,12.8,52,52,74
340,1,73,23,2015/6/5,North Birmingham,Alabama,Jefferson,Birmingham,78.966667,0.7375,176.958333,996.05,11.679167,3,0.034625,10,11.679167,34,0.034625,74,14.7,56,74,71
341,1,73,23,2015/6/6,North Birmingham,Alabama,Jefferson,Birmingham,80.129167,0.808333,159.708333,994.379167,9.854167,3,0.035625,55,9.854167,31,0.035625,71,20.2,68,71,87
342,1,73,23,2015/6/7,North Birmingham,Alabama,Jefferson,Birmingham,82.4125,0.8625,126.541667,995.120833,11.666667,5,0.041833,52,11.666667,28,0.041833,87,26.5,81,87,54
343,1,73,23,2015/6/8,North Birmingham,Alabama,Jefferson,Birmingham,82.8125,2.275,202.541667,994.854167,5.133333,3,0.033556,4,5.133333,9,0.033556,39,13.7,54,54,64
344,1,73,23,2015/6/9,North Birmingham,Alabama,Jefferson,Birmingham,79.55,1.383333,243.083333,991.625,5.9375,2,0.035375,1,5.9375,14,0.035375,64,12.4,52,64,61
345,1,73,23,2015/6/10,North Birmingham,Alabama,Jefferson,Birmingham,77.775,0.8625,164.125,991.9375,12.320833,3,0.029208,3,12.320833,22,0.029208,61,16.4,60,61,54
346,1,73,23,2015/6/11,North Birmingham,Alabama,Jefferson,Birmingham,77.445833,1.004167,205.541667,993.7625,12.145833,3,0.026208,3,12.145833,25,0.026208,40,13.5,54,54,34
347,1,73,23,2015/6/12,North Birmingham,Alabama,Jefferson,Birmingham,77.945833,1.8625,203.75,997.270833,5.309524,3,0.025167,3,5.309524,8,0.025167,34,6.2,26,34,51
348,1,73,23,2015/6/13,North Birmingham,Alabama,Jefferson,Birmingham,80.2,1.275,171.166667,999.1,4.879167,2,0.01725,0,4.879167,10,0.01725,25,12.2,51,51,43
349,1,73,23,2015/6/14,North Birmingham,Alabama,Jefferson,Birmingham,82.558333,1.125,173.125,998.920833,7.7,2,0.01675,6,7.7,19,0.01675,28,10.2,43,43,70
350,1,73,23,2015/6/15,North Birmingham,Alabama,Jefferson,Birmingham,85.379167,0.983333,151.333333,999.0125,12.640909,3,0.020833,16,12.640909,25,0.020833,42,21.3,70,70,67
351,1,73,23,2015/6/16,North Birmingham,Alabama,Jefferson,Birmingham,86.129167,0.9125,164,999.391667,10.291667,5,0.024458,10,10.291667,20,0.024458,46,19.7,67,67,71
352,1,73,23,2015/6/17,North Birmingham,Alabama,Jefferson,Birmingham,86.766667,1.091667,133.166667,998.591667,12.208333,6,0.022292,21,12.208333,23,0.022292,42,21.4,71,71,57
353,1,73,23,2015/6/18,North Birmingham,Alabama,Jefferson,Birmingham,85.783333,1.629167,188.916667,997.929167,8.008333,5,0.022208,7,8.008333,19,0.022208,32,15,57,57,32
354,1,73,23,2015/6/19,North Birmingham,Alabama,Jefferson,Birmingham,85.05,2.65,210.416667,996.483333,4.57619,2,0.019167,6,4.57619,12,0.019167,23,7.6,32,32,57
355,1,73,23,2015/6/20,North Birmingham,Alabama,Jefferson,Birmingham,81.4,2.345833,238.458333,996.158333,4.395833,3,0.019333,1,4.395833,10,0.019333,28,14.8,57,57,62
356,1,73,23,2015/6/21,North Birmingham,Alabama,Jefferson,Birmingham,84.970833,1.741667,257.166667,998.241667,5.620833,3,0.01525,0,5.620833,16,0.01525,24,17.2,62,62,65
357,1,73,23,2015/6/22,North Birmingham,Alabama,Jefferson,Birmingham,86.179167,0.7,253.75,999.254167,8.4375,3,0.025333,7,8.4375,25,0.025333,44,18.7,65,65,85
358,1,73,23,2015/6/23,North Birmingham,Alabama,Jefferson,Birmingham,87.436364,1.240909,247.772727,999.131818,9.020833,5,0.027333,6,9.020833,23,0.027333,39,28.2,85,85,67
359,1,73,23,2015/6/24,North Birmingham,Alabama,Jefferson,Birmingham,86.616667,1.070833,257.541667,999.116667,4.929167,2,0.04375,3,4.929167,14,0.04375,67,13.9,55,67,54
360,1,73,23,2015/6/25,North Birmingham,Alabama,Jefferson,Birmingham,82.075,0.791667,231.916667,997.4625,14.275,7,0.027,0,14.275,30,0.027,49,13.3,54,54,46
361,1,73,23,2015/6/26,North Birmingham,Alabama,Jefferson,Birmingham,80.179167,1.608333,211.041667,994.708333,10.254167,8,0.027625,1,10.254167,21,0.027625,37,11,46,46,37
362,1,73,23,2015/6/27,North Birmingham,Alabama,Jefferson,Birmingham,78.2625,1.8,269.333333,992.620833,3.729167,2,0.028583,0,3.729167,6,0.028583,37,5.8,24,37,49
363,1,73,23,2015/6/28,North Birmingham,Alabama,Jefferson,Birmingham,77.2375,1.0125,224.583333,994.45,5.25,2,0.03375,1,5.25,25,0.03375,49,9.9,41,49,51
364,1,73,23,2015/6/29,North Birmingham,Alabama,Jefferson,Birmingham,80.208333,1.758333,191.208333,994.65,9.686364,5,0.034917,3,9.686364,25,0.034917,50,12.2,51,51,44
365,1,73,23,2015/6/30,North Birmingham,Alabama,Jefferson,Birmingham,76.691667,2.204167,226.541667,995.241667,8.125,2,0.030833,0,8.125,27,0.030833,44,10.3,43,44,53
366,1,73,23,2015/7/1,North Birmingham,Alabama,Jefferson,Birmingham,75.845833,1.691667,196.166667,996.0375,8.178947,3,0.023458,0,8.178947,15,0.023458,34,12.9,53,53,62
367,1,73,23,2015/7/2,North Birmingham,Alabama,Jefferson,Birmingham,79.408333,2.516667,228.166667,994.954167,5.375,3,0.01825,0,5.375,8,0.01825,22,17.4,62,62,54
368,1,73,23,2015/7/3,North Birmingham,Alabama,Jefferson,Birmingham,76.641667,1.541667,245.791667,995.033333,5.5375,6,0.023792,4,5.5375,9,0.023792,30,13.4,54,54,50
369,1,73,23,2015/7/4,North Birmingham,Alabama,Jefferson,Birmingham,73.954167,1.416667,201.541667,995.991667,3.8625,2,0.025542,0,3.8625,7,0.025542,33,11.9,50,50,39
370,1,73,23,2015/7/5,North Birmingham,Alabama,Jefferson,Birmingham,75.858333,1.708333,231.208333,998.616667,2.916667,2,0.028458,0,2.916667,6,0.028458,37,9.3,39,39,38
371,1,73,23,2015/7/6,North Birmingham,Alabama,Jefferson,Birmingham,78.766667,1.3625,249.875,999.691667,5.566667,2,0.023083,0,5.566667,14,0.023083,33,9.1,38,38,70
372,1,73,23,2015/7/7,North Birmingham,Alabama,Jefferson,Birmingham,83.4,1.716667,217.166667,999.741667,8.220833,5,0.021,1,8.220833,15,0.021,31,21.2,70,70,61
373,1,73,23,2015/7/8,North Birmingham,Alabama,Jefferson,Birmingham,84.879167,1.616667,217.25,1000.091667,7.8625,5,0.022042,1,7.8625,18,0.022042,33,16.7,61,61,66
374,1,73,23,2015/7/9,North Birmingham,Alabama,Jefferson,Birmingham,86.316667,1.258333,236.833333,1000.183333,9.883333,3,0.023208,1,9.883333,25,0.023208,33,19.2,66,66,67
375,1,73,23,2015/7/10,North Birmingham,Alabama,Jefferson,Birmingham,81.883333,0.95,218.541667,1000.258333,12.425,7,0.02125,3,12.425,28,0.02125,39,19.7,67,67,77
376,1,73,23,2015/7/11,North Birmingham,Alabama,Jefferson,Birmingham,84.8,0.7125,193.916667,1000.279167,10.291667,9,0.02025,6,10.291667,21,0.02025,35,24.6,77,77,65
377,1,73,23,2015/7/12,North Birmingham,Alabama,Jefferson,Birmingham,86.179167,1.008333,219.541667,997.445833,8.020833,8,0.021917,9,8.020833,23,0.021917,37,18.9,65,65,57
378,1,73,23,2015/7/13,North Birmingham,Alabama,Jefferson,Birmingham,87.370833,1.1375,255.25,993.333333,7.872727,3,0.027583,0,7.872727,19,0.027583,41,15,57,57,52
379,1,73,23,2015/7/14,North Birmingham,Alabama,Jefferson,Birmingham,84.5125,2.1875,250,991.141667,5.154167,2,0.028083,0,5.154167,18,0.028083,35,12.8,52,52,56
380,1,73,23,2015/7/15,North Birmingham,Alabama,Jefferson,Birmingham,81.833333,1.2125,234.458333,992.008333,11.975,5,0.021708,4,11.975,33,0.021708,40,14.7,56,56,62
381,1,73,23,2015/7/16,North Birmingham,Alabama,Jefferson,Birmingham,84.370833,0.804167,196.416667,994.4,9.289474,5,0.028875,24,9.289474,27,0.028875,50,17.3,62,62,75
382,1,73,23,2015/7/17,North Birmingham,Alabama,Jefferson,Birmingham,86.620833,0.8125,161.833333,995.595833,13.335294,6,0.035875,40,13.335294,26,0.035875,58,23.5,75,75,73
383,1,73,23,2015/7/18,North Birmingham,Alabama,Jefferson,Birmingham,86.004167,0.775,138.916667,996.466667,14.0125,6,0.025833,23,14.0125,25,0.025833,44,22.4,73,73,56
384,1,73,23,2015/7/19,North Birmingham,Alabama,Jefferson,Birmingham,85.566667,1.183333,194.5,995.620833,8.883333,7,0.023917,14,8.883333,24,0.023917,33,14.3,56,56,53
385,1,73,23,2015/7/20,North Birmingham,Alabama,Jefferson,Birmingham,87.416667,1.454167,234.75,993.158333,6.670833,3,0.026083,1,6.670833,14,0.026083,39,13,53,53,58
386,1,73,23,2015/7/21,North Birmingham,Alabama,Jefferson,Birmingham,85.4125,1.683333,231.666667,991.920833,7.966667,3,0.025,6,7.966667,23,0.025,37,15.3,58,58,52
387,1,73,23,2015/7/22,North Birmingham,Alabama,Jefferson,Birmingham,82.408333,0.804167,221.583333,993.5375,12.016667,3,0.030083,0,12.016667,25,0.030083,50,12.5,52,52,38
388,1,73,23,2015/7/23,North Birmingham,Alabama,Jefferson,Birmingham,77.620833,1.179167,210.541667,994.329167,13.508333,6,0.014375,1,13.508333,22,0.014375,25,9.1,38,38,40
389,1,73,23,2015/7/24,North Birmingham,Alabama,Jefferson,Birmingham,79.883333,0.829167,233.875,994.404167,10.404167,3,0.018708,3,10.404167,27,0.018708,35,9.6,40,40,62
390,1,73,23,2015/7/25,North Birmingham,Alabama,Jefferson,Birmingham,84.358333,0.858333,78.5,993.7,8.283333,5,0.028458,62,8.283333,23,0.028458,45,14.7,56,62,56
391,1,73,23,2015/7/26,North Birmingham,Alabama,Jefferson,Birmingham,84.195833,1.033333,145.25,994.270833,8.6125,5,0.030083,7,8.6125,21,0.030083,46,14.7,56,56,67
392,1,73,23,2015/7/27,North Birmingham,Alabama,Jefferson,Birmingham,81.2375,0.7625,158.083333,994.704167,15.735294,6,0.021875,21,15.735294,23,0.021875,47,19.7,67,67,69
393,1,73,23,2015/7/28,North Birmingham,Alabama,Jefferson,Birmingham,85.733333,0.608333,179.833333,995.220833,13.618182,7,0.024208,7,13.618182,30,0.024208,47,20.8,69,69,62
394,1,73,23,2015/7/29,North Birmingham,Alabama,Jefferson,Birmingham,82.304167,0.766667,182.208333,995.370833,15.161111,6,0.019875,4,15.161111,30,0.019875,32,17.2,62,62,54
395,1,73,23,2015/7/30,North Birmingham,Alabama,Jefferson,Birmingham,84.779167,1.533333,154.083333,995.208333,3.775,3,0.038917,1,3.775,9,0.038917,47,13.3,54,54,54
396,1,73,23,2015/7/31,North Birmingham,Alabama,Jefferson,Birmingham,81.316667,2.3,18.041667,994.779167,2.8875,1,0.044625,1,2.8875,8,0.044625,54,7.7,32,54,58
397,1,73,23,2015/8/1,North Birmingham,Alabama,Jefferson,Birmingham,81.995833,1.779167,25.333333,993.691667,4.991667,2,0.03975,7,4.991667,23,0.03975,58,7.3,30,58,53
398,1,73,23,2015/8/2,North Birmingham,Alabama,Jefferson,Birmingham,83.2875,0.954167,108.041667,992.641667,8.8375,3,0.034417,47,8.8375,34,0.034417,51,13.1,53,53,69
399,1,73,23,2015/8/3,North Birmingham,Alabama,Jefferson,Birmingham,84.170833,0.8875,84.666667,992.7625,13.9125,5,0.029125,69,13.9125,29,0.029125,48,13.2,53,69,147
400,1,73,23,2015/8/4,North Birmingham,Alabama,Jefferson,Birmingham,87.495833,0.620833,166.625,995.083333,19.091667,6,0.041292,21,19.091667,33,0.041292,147,20.2,68,147,63
401,1,73,23,2015/8/5,North Birmingham,Alabama,Jefferson,Birmingham,84.9,1.454167,196.416667,995.491667,12.820833,7,0.03325,3,12.820833,31,0.03325,54,17.6,63,63,49
402,1,73,23,2015/8/6,North Birmingham,Alabama,Jefferson,Birmingham,77.433333,1.45,221.875,992.475,8.954167,2,0.018125,0,8.954167,16,0.018125,27,11.8,49,49,49
403,1,73,23,2015/8/7,North Birmingham,Alabama,Jefferson,Birmingham,80.320833,1.054167,277.291667,991.483333,7.183333,2,0.024167,0,7.183333,16,0.024167,38,11.7,49,49,87
404,1,73,23,2015/8/8,North Birmingham,Alabama,Jefferson,Birmingham,84.120833,0.779167,99.125,992.3125,8.995833,3,0.033917,14,8.995833,20,0.033917,87,18.6,65,87,64
405,1,73,23,2015/8/9,North Birmingham,Alabama,Jefferson,Birmingham,86.720833,0.845833,110.958333,994.070833,10.775,5,0.031375,7,10.775,30,0.031375,58,18.5,64,64,69
406,1,73,23,2015/8/10,North Birmingham,Alabama,Jefferson,Birmingham,83.7875,1.791667,177.5,993.808333,9.013636,6,0.031083,6,9.013636,21,0.031083,41,20.6,69,69,44
407,1,73,23,2015/8/11,North Birmingham,Alabama,Jefferson,Birmingham,82.520833,1.133333,280.416667,994.3625,7.2875,2,0.032042,0,7.2875,21,0.032042,44,10.3,43,44,45
408,1,73,23,2015/8/12,North Birmingham,Alabama,Jefferson,Birmingham,81.383333,1.391667,87.75,996.133333,5.558333,2,0.036333,1,5.558333,11,0.036333,45,10.9,45,45,64
409,1,73,23,2015/8/13,North Birmingham,Alabama,Jefferson,Birmingham,79.954167,1.108333,117.458333,996.1375,5.125,2,0.040458,20,5.125,15,0.040458,64,10.5,44,64,56
410,1,73,23,2015/8/14,North Birmingham,Alabama,Jefferson,Birmingham,82.066667,1.466667,94,997.6,7.78,2,0.034042,4,7.78,12,0.034042,47,14.5,56,56,51
411,1,73,23,2015/8/15,North Birmingham,Alabama,Jefferson,Birmingham,80.6875,1.25,117.833333,998.5,7.1625,2,0.033417,9,7.1625,18,0.033417,44,12.2,51,51,49
412,1,73,23,2015/8/16,North Birmingham,Alabama,Jefferson,Birmingham,78.741667,1.3,116.166667,998.566667,5.783333,2,0.02775,4,5.783333,12,0.02775,34,11.7,49,49,27
413,1,73,23,2015/8/17,North Birmingham,Alabama,Jefferson,Birmingham,74.791667,1.116667,122.5,996.879167,9.554167,2,0.005,3,9.554167,13,0.005,17,6.4,27,27,30
414,1,73,23,2015/8/18,North Birmingham,Alabama,Jefferson,Birmingham,79.4125,1.7125,195.041667,993.891667,6.8875,3,0.003333,0,6.8875,21,0.003333,4,7.3,30,30,40
415,1,73,23,2015/8/19,North Birmingham,Alabama,Jefferson,Birmingham,79.683333,1.954167,201.291667,993.695833,5.1875,3,0.003,0,5.1875,9,0.003,3,9.5,40,40,38
416,1,73,23,2015/8/20,North Birmingham,Alabama,Jefferson,Birmingham,78.8875,1.145833,255.333333,995.2625,6.3,2,0.011071,0,6.3,15,0.011071,22,9.2,38,38,46
417,1,73,23,2015/8/21,North Birmingham,Alabama,Jefferson,Birmingham,79.820833,0.8125,130.5,996.791667,9.9625,3,0.017917,17,9.9625,24,0.017917,38,11.1,46,46,48
418,1,73,23,2015/8/22,North Birmingham,Alabama,Jefferson,Birmingham,79.479167,0.670833,142.583333,996.295833,9.15,3,0.020917,3,9.15,15,0.020917,40,11.4,48,48,37
419,1,73,23,2015/8/23,North Birmingham,Alabama,Jefferson,Birmingham,78.929167,1.108333,246.625,995.125,6.841667,2,0.023,0,6.841667,17,0.023,37,7.7,32,37,49
420,1,73,23,2015/8/24,North Birmingham,Alabama,Jefferson,Birmingham,79.141667,1.145833,300.75,994.929167,3.769565,3,0.025625,0,3.769565,8,0.025625,36,11.8,49,49,43
421,1,73,23,2015/8/25,North Birmingham,Alabama,Jefferson,Birmingham,72.304167,1.445833,248.166667,995.091667,5.816667,2,0.028667,1,5.816667,18,0.028667,43,5.4,23,43,46
422,1,73,23,2015/8/26,North Birmingham,Alabama,Jefferson,Birmingham,71.025,1.270833,155.166667,995.391667,5.97,2,0.032875,1,5.97,10,0.032875,46,8.5,35,46,61
423,1,73,23,2015/8/27,North Birmingham,Alabama,Jefferson,Birmingham,75.220833,1.1,106.166667,995.316667,6.741667,2,0.036667,19,6.741667,12,0.036667,61,13.2,53,61,62
424,1,73,23,2015/8/28,North Birmingham,Alabama,Jefferson,Birmingham,78.595833,1.295833,93.583333,997.079167,8.304167,5,0.035,14,8.304167,21,0.035,45,17.3,62,62,36
425,1,73,23,2015/8/29,North Birmingham,Alabama,Jefferson,Birmingham,76.166667,1.4875,131.125,998.491667,6.5125,2,0.029208,7,6.5125,14,0.029208,35,8.7,36,36,44
426,1,73,23,2015/8/30,North Birmingham,Alabama,Jefferson,Birmingham,71.775,1.270833,38.625,997.158333,4.6125,2,0.026875,6,4.6125,10,0.026875,34,10.6,44,44,46
427,1,73,23,2015/8/31,North Birmingham,Alabama,Jefferson,Birmingham,75.766667,0.970833,58.916667,997.716667,9.341667,3,0.015944,11,9.341667,21,0.015944,31,11.1,46,46,56
428,1,73,23,2015/9/1,North Birmingham,Alabama,Jefferson,Birmingham,79.8375,0.758333,61.708333,998.120833,12.045833,5,0.021292,13,12.045833,31,0.021292,45,14.7,56,56,60
429,1,73,23,2015/9/2,North Birmingham,Alabama,Jefferson,Birmingham,81.320833,0.670833,136.958333,997.1625,13.266667,6,0.024042,11,13.266667,22,0.024042,51,16.4,60,60,61
430,1,73,23,2015/9/3,North Birmingham,Alabama,Jefferson,Birmingham,82.6875,0.725,207.666667,994.695833,13.9,5,0.021583,20,13.9,24,0.021583,47,16.8,61,61,67
431,1,73,23,2015/9/4,North Birmingham,Alabama,Jefferson,Birmingham,83.016667,0.729167,79.875,995.1625,11.408333,7,0.027833,6,11.408333,22,0.027833,58,19.5,67,67,64
432,1,73,23,2015/9/5,North Birmingham,Alabama,Jefferson,Birmingham,78.0875,0.9375,71.208333,996.6,10.2375,5,0.027167,11,10.2375,16,0.027167,44,18.5,64,64,65
433,1,73,23,2015/9/6,North Birmingham,Alabama,Jefferson,Birmingham,79.8625,1.1125,65.958333,997.6375,7.25,5,0.028792,3,7.25,18,0.028792,46,18.9,65,65,48
434,1,73,23,2015/9/7,North Birmingham,Alabama,Jefferson,Birmingham,79.75,1.129167,57.875,996.666667,7.266667,6,0.023375,10,7.266667,15,0.023375,35,11.4,48,48,38
435,1,73,23,2015/9/8,North Birmingham,Alabama,Jefferson,Birmingham,78.866667,1.066667,90.791667,994.6375,8.216667,2,0.022118,4,8.216667,17,0.022118,38,8.7,36,38,40
436,1,73,23,2015/9/9,North Birmingham,Alabama,Jefferson,Birmingham,77.875,0.891667,155.5,993.025,14.077273,2,0.020708,3,14.077273,25,0.020708,36,9.5,40,40,44
437,1,73,23,2015/9/10,North Birmingham,Alabama,Jefferson,Birmingham,76.720833,1.170833,250.375,992.133333,11.475,3,0.016542,0,11.475,18,0.016542,28,10.5,44,44,44
438,1,73,23,2015/9/11,North Birmingham,Alabama,Jefferson,Birmingham,76.066667,0.866667,258.833333,991.975,8.733333,3,0.027542,0,8.733333,14,0.027542,44,9.5,40,44,32
439,1,73,23,2015/9/12,North Birmingham,Alabama,Jefferson,Birmingham,69.333333,1.425,315.833333,991.866667,2.825,2,0.026875,0,2.825,8,0.026875,32,4.7,20,32,35
440,1,73,23,2015/9/13,North Birmingham,Alabama,Jefferson,Birmingham,63.816667,1.283333,153.958333,995.854167,5.129167,3,0.021417,1,5.129167,20,0.021417,35,5.5,23,35,43
441,1,73,23,2015/9/14,North Birmingham,Alabama,Jefferson,Birmingham,66.729167,0.7625,63.5,1000.208333,14.464706,5,0.021167,10,14.464706,28,0.021167,43,8.4,35,43,71
442,1,73,23,2015/9/19,North Birmingham,Alabama,Jefferson,Birmingham,76.620833,0.754167,119.958333,993.033333,14.516667,6,0.026375,6,14.516667,31,0.026375,71,20.5,69,71,66
443,1,73,23,2015/9/20,North Birmingham,Alabama,Jefferson,Birmingham,77.4375,0.958333,170.583333,993.9875,9,7,0.026875,16,9,24,0.026875,41,19.2,66,66,38
444,1,73,23,2015/9/21,North Birmingham,Alabama,Jefferson,Birmingham,69.804167,0.654167,170.416667,994.933333,9.222727,3,0.012917,9,9.222727,16,0.012917,24,9,38,38,49
445,1,73,23,2015/9/22,North Birmingham,Alabama,Jefferson,Birmingham,72.725,1.045833,77.458333,996.741667,8.779167,5,0.024583,16,8.779167,21,0.024583,42,11.7,49,49,49
446,1,73,23,2015/9/23,North Birmingham,Alabama,Jefferson,Birmingham,75.970833,1.120833,57.583333,997.845833,10.929167,5,0.02325,7,10.929167,26,0.02325,44,11.7,49,49,48
447,1,73,23,2015/9/24,North Birmingham,Alabama,Jefferson,Birmingham,75.870833,1.195833,57.125,997.279167,12.51,6,0.032708,7,12.51,27,0.032708,48,11.4,48,48,43
448,1,73,23,2015/9/25,North Birmingham,Alabama,Jefferson,Birmingham,70.433333,1.245833,69.916667,995.016667,7.995833,2,0.029042,10,7.995833,20,0.029042,43,10.1,42,43,27
449,1,73,23,2015/9/26,North Birmingham,Alabama,Jefferson,Birmingham,72.041667,1.0625,70.375,995.0375,4.429167,2,0.018708,7,4.429167,7,0.018708,27,6.1,25,27,45
450,1,73,23,2015/9/27,North Birmingham,Alabama,Jefferson,Birmingham,71.783333,1.3625,75.541667,995.6625,4.745833,2,0.01425,0,4.745833,10,0.01425,19,10.8,45,45,35
451,1,73,23,2015/12/12,North Birmingham,Alabama,Jefferson,Birmingham,66.129167,1.55,152.333333,998.929167,8.666667,3,0.026542,1,8.666667,19,0.026542,33,8.3,35,35,33
452,1,73,23,2015/12/13,North Birmingham,Alabama,Jefferson,Birmingham,68.95,3.883333,146.916667,993.308333,5.366667,3,0.031292,3,5.366667,14,0.031292,33,6.1,25,33,34
453,1,73,23,2015/12/14,North Birmingham,Alabama,Jefferson,Birmingham,60.841667,2.591667,215.5,986.070833,11.463636,3,0.022,3,11.463636,30,0.022,34,3.7,15,34,54
454,1,73,23,2015/12/15,North Birmingham,Alabama,Jefferson,Birmingham,56.1875,0.504167,85.958333,989.779167,18.104167,8,0.010625,19,18.104167,34,0.010625,28,13.4,54,54,53
455,1,73,23,2015/12/16,North Birmingham,Alabama,Jefferson,Birmingham,58.129167,1.8375,110.5,989.041667,10.714286,8,0.021042,4,10.714286,22,0.021042,31,12.9,53,53,19
456,1,73,23,2015/12/17,North Birmingham,Alabama,Jefferson,Birmingham,53.2,1.25,287.375,988.166667,6.845833,5,0.013625,0,6.845833,17,0.013625,19,4.4,18,19,25
457,1,73,23,2015/12/18,North Birmingham,Alabama,Jefferson,Birmingham,38.308333,1.5125,299,998.095833,9.679167,6,0.011917,1,9.679167,22,0.011917,25,4.2,18,25,36
458,1,73,23,2015/12/19,North Birmingham,Alabama,Jefferson,Birmingham,40.475,0.579167,140.416667,1007.25,16,6,0.010083,1,16,26,0.010083,26,8.6,36,36,43
459,1,73,23,2015/12/20,North Birmingham,Alabama,Jefferson,Birmingham,46.391667,1.283333,102.5,1005.095833,12.120833,7,0.020667,6,12.120833,20,0.020667,26,10.2,43,43,24
460,1,73,23,2015/12/21,North Birmingham,Alabama,Jefferson,Birmingham,57.416667,2.420833,148.25,997.858333,9.091667,2,0.019083,1,9.091667,22,0.019083,22,5.7,24,24,23
461,1,73,23,2015/12/22,North Birmingham,Alabama,Jefferson,Birmingham,64.416667,1.608333,164.333333,990.579167,8.704167,2,0.01575,0,8.704167,13,0.01575,23,4.4,18,23,23
462,1,73,23,2015/12/23,North Birmingham,Alabama,Jefferson,Birmingham,66.741667,3.216667,169.833333,986.075,3.958333,1,0.021042,0,3.958333,7,0.021042,23,3.6,15,23,45
463,1,73,23,2015/12/24,North Birmingham,Alabama,Jefferson,Birmingham,70.85,1.6375,171.041667,993.754167,5.4875,2,0.015458,0,5.4875,15,0.015458,18,10.8,45,45,27
464,1,73,23,2015/12/25,North Birmingham,Alabama,Jefferson,Birmingham,70.366667,2.658333,136.375,998.375,1.9375,1,0.02375,0,1.9375,4,0.02375,27,2.5,10,27,25
465,1,73,23,2015/12/26,North Birmingham,Alabama,Jefferson,Birmingham,69.383333,1.975,141.666667,998.954167,3.658333,2,0.019875,0,3.658333,13,0.019875,25,4.1,17,25,22
466,1,73,23,2015/12/27,North Birmingham,Alabama,Jefferson,Birmingham,71.270833,2.4375,150.791667,994.383333,3.829167,2,0.021333,0,3.829167,10,0.021333,22,5.3,22,22,30
467,1,73,23,2015/12/28,North Birmingham,Alabama,Jefferson,Birmingham,67.729167,3.7875,172.791667,987.225,3.33913,1,0.02625,0,3.33913,6,0.02625,30,4,17,30,24
468,1,73,23,2015/12/29,North Birmingham,Alabama,Jefferson,Birmingham,53.954167,0.804167,218.875,994.7375,12,6,0.009417,3,12,24,0.009417,19,4.6,19,24,28
469,1,73,23,2015/12/30,North Birmingham,Alabama,Jefferson,Birmingham,54.954167,0.866667,234.5,998.166667,11.404762,7,0.008125,3,11.404762,17,0.008125,11,6.7,28,28,29
